"101",3,12,[0x0c:0x0c:0x00:0x14:0x0a:0x00:0x10:0x02:0x00:0xd0:0x02:0xc0:0xd4:0xca:0xc0:0x15:0x2a:0x00:0x15:0x2a:0x00:0xd4:0xca:0xc0:0xd0:0x02:0xc0:0x10:0x02:0x00:0x14:0x0a:0x00:0x0c:0x0c:0x00]
"1-2-3",2,9,[0x30:0x00:0x90:0x00:0xd6:0x00:0x52:0x00:0x42:0xc0:0x3a:0xc0:0x04:0x00:0x08:0x00:0x0c:0x00]
"1-2-3-4",2,11,[0x04:0x00:0x0a:0x00:0x15:0x00:0x11:0x00:0xd5:0x60:0xa0:0xa0:0x1f:0x00:0x00:0x00:0x04:0x00:0x0a:0x00:0x04:0x00]
"4-8-12 diamond",2,9,[0x0f:0x00:0x00:0x00:0x3f:0xc0:0x00:0x00:0xff:0xf0:0x00:0x00:0x3f:0xc0:0x00:0x00:0x0f:0x00]
"4 boats",1,8,[0x10:0x28:0x58:0xa6:0x65:0x1a:0x14:0x08]
"Achim's p144",4,19,[0xc0:0x00:0x00:0x30:0xc0:0x00:0x00:0x30:0x00:0x00:0x30:0x00:0x00:0x00:0x48:0x00:0x00:0x00:0x30:0x00:0x00:0x02:0x00:0x00:0x00:0x05:0x00:0x00:0x00:0x08:0x80:0x00:0x00:0x09:0x00:0x00:0x00:0x00:0x00:0x00:0x00:0x09:0x00:0x00:0x00:0x11:0x00:0x00:0x00:0x0a:0x00:0x00:0x00:0x04:0x00:0x00:0x00:0xc0:0x00:0x00:0x01:0x20:0x00:0x00:0x00:0xc0:0x00:0x00:0xc0:0x00:0x00:0x30:0xc0:0x00:0x00:0x30]
"Achim's p16",2,13,[0x01:0x80:0x01:0x40:0x21:0x60:0x60:0x80:0x90:0x00:0xe0:0x00:0x00:0x00:0x00:0x38:0x00:0x48:0x08:0x30:0x34:0x20:0x14:0x00:0x0c:0x00]
"Achim's p4",2,9,[0x31:0x80:0x4a:0x40:0x5b:0x40:0xc0:0x60:0x2a:0x80:0xc0:0x60:0x5b:0x40:0x4a:0x40:0x31:0x80]
"Achim's p8",2,9,[0x60:0x00:0x80:0x00:0x44:0x00:0x46:0x00:0x14:0x00:0x31:0x00:0x11:0x00:0x00:0x80:0x03:0x00]
"acorn",1,3,[0x40:0x10:0xce]
"A for all",2,10,[0x0c:0x00:0x12:0x00:0x1e:0x00:0x52:0x80:0x80:0x40:0x80:0x40:0x52:0x80:0x1e:0x00:0x12:0x00:0x0c:0x00]
"aircraft carrier",1,3,[0xc0:0x90:0x30]
"airforce",2,15,[0x01:0x00:0x02:0x80:0x01:0x00:0x00:0x00:0x07:0xc0:0x08:0x2c:0x16:0x2c:0x14:0xa0:0xd1:0xa0:0xd0:0x40:0x0f:0x80:0x00:0x00:0x02:0x00:0x05:0x00:0x02:0x00]
"AK47 reaction",2,12,[0x04:0x00:0x0a:0x00:0x11:0x00:0x11:0x00:0x11:0x00:0x0a:0x00:0x04:0x00:0x00:0x00:0x30:0x00:0x10:0x00:0xe0:0xc0:0x80:0xc0]
"almosymmetric",2,8,[0x08:0x00:0xca:0x00:0xa0:0x00:0x01:0x80:0x40:0x00:0x81:0x00:0xd4:0x00:0x04:0x00]
"ants",6,4,[0xc6:0x31:0x8c:0x63:0x18:0xc0:0x31:0x8c:0x63:0x18:0xc6:0x30:0x31:0x8c:0x63:0x18:0xc6:0x30:0xc6:0x31:0x8c:0x63:0x18:0xc0]
"ark",4,29,[0x00:0x00:0x00:0x10:0x00:0x00:0x00:0x08:0x00:0x00:0x00:0x04:0x00:0x00:0x00:0x08:0x00:0x00:0x00:0x10:0x00:0x00:0x00:0x07:0x00:0x00:0x00:0x00:0x00:0x00:0x00:0x00:0x00:0x00:0x00:0x00:0x00:0x00:0x00:0x00:0x00:0x00:0x00:0x00:0x00:0x00:0x00:0x00:0x00:0x00:0x00:0x00:0x00:0x00:0x00:0x00:0x00:0x00:0x00:0x00:0x00:0x00:0x00:0x00:0x00:0x00:0x00:0x00:0x00:0x00:0x00:0x00:0x00:0x00:0x00:0x00:0x00:0x00:0x00:0x00:0x00:0x00:0x00:0x00:0x00:0x00:0x00:0x00:0x00:0x00:0x00:0x00:0x00:0x00:0x00:0x00:0x00:0x00:0x00:0x00:0xc0:0x00:0x00:0x00:0x20:0x00:0x00:0x00:0x20:0x00:0x00:0x00:0x1e:0x00:0x00:0x00]
"aVerage",2,11,[0x18:0x00:0x0e:0x00:0x21:0x00:0x5e:0x80:0x50:0x90:0xdc:0xa8:0x50:0x90:0x5e:0x80:0x21:0x00:0x0e:0x00:0x18:0x00]
"B29",3,7,[0x01:0xc0:0x00:0x01:0x00:0x00:0xe0:0x40:0x00:0x81:0x40:0x00:0x43:0x78:0x00:0x1e:0xfb:0x00:0x0c:0x06:0x80]
"B-52 bomber",5,21,[0x60:0x00:0x00:0x00:0x00:0x60:0x00:0x08:0x00:0x00:0x00:0x00:0x14:0x00:0x28:0x00:0x00:0x08:0x00:0x40:0xc0:0x60:0x00:0x00:0x24:0xd0:0x60:0x00:0x00:0x2a:0x10:0x00:0x00:0x10:0x12:0x10:0x00:0x00:0x18:0x0c:0x90:0x00:0x06:0x08:0x00:0x60:0x00:0x04:0x00:0x00:0x00:0x00:0x07:0x00:0x00:0x00:0x00:0x00:0x00:0x0c:0x00:0x00:0x00:0x00:0x0c:0x60:0x00:0x00:0x00:0x00:0x90:0x00:0x00:0x00:0x00:0xa8:0x00:0x05:0x0c:0x18:0x48:0x00:0x03:0x0c:0x1a:0x04:0x00:0x22:0x00:0x02:0x28:0x00:0x50:0x00:0x02:0x00:0x00:0x20:0x00:0x12:0x00:0x00:0x00:0x00:0x0c]
"babbling brook",2,10,[0x01:0x00:0x07:0x0c:0x08:0xc8:0x4b:0x28:0xa8:0x66:0x66:0x15:0x14:0xd2:0x13:0x10:0x30:0xe0:0x00:0x80]
"backrake",4,18,[0x07:0x00:0x1c:0x00:0x08:0x80:0x22:0x00:0x18:0x40:0x43:0x00:0x2b:0x60:0xda:0x80:0x68:0x5b:0x42:0xc0:0x84:0x4a:0x44:0x20:0x00:0x0a:0x00:0x00:0xc0:0x6a:0xc0:0x60:0x00:0x0a:0x00:0x00:0x03:0x80:0x38:0x00:0x02:0x20:0x08:0x00:0x02:0x87:0x00:0x00:0x00:0x09:0x0c:0x00:0x00:0x01:0x00:0x00:0x00:0x11:0x00:0x00:0x00:0x11:0x00:0x00:0x00:0x01:0x00:0x00:0x00:0x0a:0x00:0x00]
"baker",2,14,[0x00:0x03:0x00:0x05:0x00:0x08:0x00:0x10:0x00:0x20:0x00:0x40:0x00:0x80:0x01:0x00:0x02:0x00:0x04:0x00:0x08:0x00:0x10:0x00:0xe0:0x00:0x40:0x00]
"baker's dozen",3,11,[0xc0:0x18:0x00:0xf4:0x18:0x00:0xa7:0x00:0x00:0x00:0x10:0x00:0x0c:0x28:0x00:0x08:0x24:0x20:0x00:0x18:0x60:0x00:0x00:0x00:0x00:0x01:0xca:0x00:0x30:0x5e:0x00:0x30:0x06]
"bakery",2,10,[0x0c:0x00:0x12:0x00:0x14:0x00:0x68:0x80:0x91:0x40:0xa2:0x40:0x45:0x80:0x0a:0x00:0x12:0x00:0x0c:0x00]
"barge",1,4,[0x40:0xa0:0x50:0x20]
"beacon",1,4,[0xc0:0x80:0x10:0x30]
"beacon maker",2,15,[0x00:0x03:0x00:0x05:0x00:0x08:0x00:0x10:0x00:0x20:0x00:0x40:0x00:0x80:0x01:0x00:0x02:0x00:0x04:0x00:0x08:0x00:0x10:0x00:0xe0:0x00:0x20:0x00:0x20:0x00]
"beehive",1,3,[0x60:0x90:0x60]
"beehive and dock",1,7,[0x18:0x24:0x18:0x00:0x78:0x84:0xcc]
"beehive with tail",1,5,[0x60:0x90:0x68:0x08:0x0c]
"bent keys",2,5,[0x40:0x20:0xa0:0x50:0x59:0xa0:0x09:0x00:0x09:0x00]
"B-heptomino",1,3,[0xb0:0xe0:0x40]
"bi-block",1,2,[0xd8:0xd8]
"biclock",1,7,[0x20:0xc0:0x30:0x44:0x18:0x06:0x08]
"big glider",3,18,[0x1c:0x00:0x00:0x13:0x80:0x00:0x0a:0x00:0x00:0xc0:0x40:0x00:0xa1:0x20:0x00:0x80:0x60:0x00:0x60:0x00:0x00:0x48:0x2c:0x00:0x40:0x1a:0x00:0x14:0x0c:0x80:0x0d:0x0c:0x40:0x00:0x80:0x80:0x01:0xe2:0x80:0x01:0x63:0xc0:0x00:0x8d:0x00:0x00:0x06:0x00:0x00:0x5c:0x00:0x00:0x24:0x00]
"big S",1,6,[0x0c:0x12:0x16:0xd0:0x90:0x60]
"bi-loaf",1,7,[0x40:0xa0:0x90:0x68:0x14:0x12:0x0c]
"bipole",1,5,[0xc0:0xa0:0x00:0x28:0x18]
"bi-pond",1,7,[0x60:0x90:0x90:0x6c:0x12:0x12:0x0c]
"biting off more than they can chew",2,12,[0x80:0x00:0xe0:0x00:0x10:0x00:0x30:0x00:0x18:0x00:0x0c:0x00:0x12:0x00:0x13:0x00:0x0d:0xc0:0x00:0xa0:0x00:0x20:0x00:0x30]
"blinker",1,1,[0xe0]
"blinker puffer",2,18,[0x10:0x00:0x44:0x00:0x80:0x00:0x84:0x00:0xf8:0x00:0x00:0x00:0x00:0x00:0x00:0x00:0x60:0x00:0xdc:0x00:0x78:0x00:0x30:0x00:0x00:0x00:0x06:0x00:0x10:0x80:0x20:0x00:0x20:0x80:0x3f:0x00]
"blinkers bit pole",1,6,[0x06:0xea:0x00:0x52:0x84:0xc4]
"blinker ship",4,15,[0x00:0x3c:0x00:0x00:0x00:0x22:0x00:0x00:0x00:0x20:0x00:0x00:0x60:0x12:0x00:0x00:0xd8:0x00:0x00:0x00:0x78:0x80:0x00:0x00:0x31:0x60:0x10:0xe0:0x02:0x20:0x10:0xa0:0x31:0x60:0x10:0xe0:0x78:0x80:0x00:0x00:0xd8:0x00:0x00:0x00:0x60:0x12:0x00:0x00:0x00:0x20:0x00:0x00:0x00:0x22:0x00:0x00:0x00:0x3c:0x00:0x00]
"block",1,2,[0xc0:0xc0]
"blockade",3,10,[0xc0:0x00:0x00:0xc0:0x00:0x00:0x00:0x00:0x00:0x00:0x00:0x00:0x60:0x00:0x0c:0x60:0x00:0x0c:0x00:0x00:0x00:0x00:0x00:0x00:0x00:0x00:0x06:0x00:0x00:0x06]
"block and dock",1,6,[0x18:0x18:0x00:0x78:0x84:0xcc]
"block and glider",1,3,[0xc0:0xa0:0x30]
"blocker",2,5,[0x02:0x80:0x04:0x00:0xc8:0x40:0xd2:0xc0:0x0c:0x00]
"block on table",1,5,[0x30:0x30:0x00:0xf0:0x90]
"block pusher",3,16,[0x00:0x00:0x14:0x00:0x00:0x18:0x00:0x00:0x08:0x00:0x00:0x00:0x00:0x00:0x00:0x00:0x00:0x00:0x10:0x00:0x00:0x20:0x00:0x00:0x38:0x00:0x00:0x00:0x00:0x00:0x00:0x00:0x00:0x00:0x00:0x00:0x00:0x00:0x00:0xc4:0x00:0x00:0xc5:0x00:0x00:0x06:0x00:0x00]
"blom",2,5,[0x80:0x10:0x78:0x10:0x30:0x10:0x00:0x20:0x00:0xa0]
"blonker",2,8,[0x98:0x40:0xcb:0x40:0x0a:0x00:0x06:0x00:0x01:0x00:0x01:0x10:0x00:0x50:0x00:0x20]
"boat",1,3,[0xc0:0xa0:0x40]
"boat-bit",4,24,[0x02:0x00:0x00:0x00:0x01:0x00:0x00:0x00:0x07:0x00:0x00:0x00:0x00:0x00:0x00:0x00:0x00:0x00:0x00:0x00:0x00:0x00:0x00:0x00:0x00:0x00:0x00:0x00:0x00:0x00:0x00:0x00:0x00:0x00:0x00:0x00:0x00:0x00:0x00:0x00:0x00:0x00:0x80:0x00:0x00:0x02:0x80:0x00:0x00:0x31:0x80:0x00:0x00:0x18:0x00:0x00:0x00:0x20:0x05:0x80:0x00:0x00:0x06:0x80:0x00:0x00:0x00:0x00:0x00:0x00:0x00:0x00:0x00:0x00:0x00:0x00:0x00:0x00:0x00:0x00:0x00:0x00:0x00:0x00:0x40:0x00:0x00:0x00:0x60:0x00:0x00:0x00:0xa0:0x00:0x00:0x00]
"boat maker",3,17,[0x00:0x00:0xc0:0x00:0x01:0x40:0x00:0x02:0x00:0x00:0x04:0x00:0x00:0x08:0x00:0x00:0x10:0x00:0x00:0x20:0x00:0x00:0x40:0x00:0x00:0x80:0x00:0x01:0x00:0x00:0x02:0x00:0x00:0x04:0x00:0x00:0xf8:0x00:0x00:0x08:0x00:0x00:0x08:0x00:0x00:0x08:0x00:0x00:0x08:0x00:0x00]
"boat-tie",1,6,[0x40:0xa0:0x60:0x18:0x14:0x08]
"boojum reflector",6,32,[0x0a:0x06:0x00:0x00:0x00:0x00:0x06:0x06:0x00:0x00:0x00:0x00:0x04:0x00:0x00:0x00:0x00:0x00:0x00:0x00:0x00:0x00:0x00:0x00:0x00:0x00:0x00:0x00:0x00:0x00:0x00:0x00:0x00:0x00:0x00:0x00:0x00:0x00:0x00:0x00:0x00:0x00:0x00:0x00:0x00:0x00:0x00:0x00:0x00:0x00:0x00:0x00:0x00:0x00:0x00:0x00:0x00:0x00:0x00:0x80:0x00:0x00:0x00:0x00:0x01:0x40:0x00:0x00:0x00:0x00:0x01:0x40:0x00:0x00:0x0c:0x00:0x03:0x60:0x00:0x00:0x0c:0x00:0x00:0x00:0x00:0x00:0x00:0x00:0x03:0x60:0x30:0x00:0x00:0x00:0x03:0x40:0x50:0x00:0x00:0x00:0x00:0x10:0x40:0x00:0x00:0x00:0x00:0x30:0xc0:0x00:0x00:0x00:0x00:0x00:0x00:0x00:0x00:0x00:0x00:0x00:0x00:0x00:0x00:0x00:0x30:0x00:0x00:0x00:0x00:0x00:0x30:0xc0:0x00:0x18:0x00:0x00:0x00:0xa0:0x00:0x28:0x00:0x00:0x00:0x20:0x00:0x20:0x00:0x00:0x00:0x30:0x00:0x60:0x00:0x00:0x30:0x00:0x00:0x00:0x00:0x00:0x30:0x00:0x00:0x00:0x00:0x00:0x00:0x00:0x00:0x00:0x00:0x00:0x00:0x00:0x00:0x00:0x00:0x04:0x00:0x00:0x00:0x00:0x00:0x0a:0x00:0x00:0x00:0x00:0x00:0x04:0x00:0x00]
"bookend",1,3,[0x30:0x90:0xe0]
"bookends",1,4,[0xc6:0xaa:0x28:0x6c]
"boss",2,14,[0x04:0x00:0x0a:0x00:0x0a:0x00:0x1b:0x00:0x20:0x80:0x55:0x40:0x51:0x40:0xd1:0x60:0x95:0x20:0x20:0x80:0x1b:0x00:0x0a:0x00:0x0a:0x00:0x04:0x00]
"bottle",3,18,[0x0c:0x0c:0x00:0x12:0x12:0x00:0x14:0x0a:0x00:0x67:0x39:0x80:0x81:0x20:0x40:0xb0:0x03:0x40:0x50:0x02:0x80:0x18:0x06:0x00:0x00:0x00:0x00:0x00:0x00:0x00:0x18:0x06:0x00:0x50:0x02:0x80:0xb0:0x03:0x40:0x81:0x20:0x40:0x67:0x39:0x80:0x14:0x0a:0x00:0x12:0x12:0x00:0x0c:0x0c:0x00]
"brain",3,11,[0x70:0x07:0x00:0xac:0x1a:0x80:0xa8:0x0a:0x80:0x5b:0x6d:0x00:0x05:0x50:0x00:0x15:0x54:0x00:0x35:0x56:0x00:0x39:0x4e:0x00:0x32:0x26:0x00:0x43:0x61:0x00:0x40:0x01:0x00]
"buckaroo",3,12,[0x20:0x00:0x00:0xa0:0x00:0x00:0x60:0x00:0x00:0x00:0x10:0x00:0x00:0x50:0x00:0x00:0xa0:0x00:0x01:0x20:0x03:0x00:0xa0:0x03:0x18:0x50:0x00:0x28:0x10:0x00:0x20:0x00:0x00:0x60:0x00:0x00]
"bullet heptomino",1,3,[0x40:0xe0:0xe0]
"bun",1,3,[0x60:0x90:0x70]
"bunnies",1,4,[0x82:0x22:0x25:0x50]
"burloaferimeter",2,11,[0x0c:0x00:0x04:0x00:0x08:0x00:0x17:0x00:0x14:0x80:0xd1:0x40:0xd0:0x80:0x0f:0x00:0x00:0x00:0x0c:0x00:0x0c:0x00]
"butterfly",1,4,[0x80:0xc0:0xa0:0x70]
"by flops",1,7,[0x10:0x50:0x04:0xf8:0x04:0x50:0x10]
"Canada goose",2,12,[0xe0:0x00:0x80:0x30:0x40:0xe8:0x19:0x80:0x08:0x00:0x00:0x80:0x0c:0x40:0x15:0x80:0x14:0xb0:0x21:0x80:0x30:0x00:0x30:0x00]
"candelabra",2,6,[0x0c:0x30:0x48:0x12:0xa8:0x15:0x4b:0xd2:0x0a:0x50:0x04:0x20]
"candlefrobra",2,5,[0x04:0x00:0x5a:0xc0:0xa2:0xc0:0x42:0x00:0x06:0x00]
"canoe",1,5,[0x18:0x08:0x10:0xa0:0xc0]
"cap",1,3,[0x60:0x90:0xf0]
"carnival shuttle",5,7,[0x00:0x00:0x00:0x00:0x44:0xc6:0x00:0x00:0x00:0x7c:0x54:0x48:0x18:0x90:0x10:0x6c:0xc6:0x19:0x8c:0x28:0x54:0x48:0x18:0x90:0x10:0xc6:0x00:0x00:0x00:0x7c:0x00:0x00:0x00:0x00:0x44]
"caterer",1,6,[0x20:0x8f:0x88:0x80:0x10:0x60]
"Caterpillar",2,5,[0x00:0x01:0x80:0x03:0x80:0x06:0x80:0x03:0x00:0x01]
"cauldron",2,13,[0x04:0x00:0x0a:0x00:0x04:0x00:0x00:0x00:0x1f:0x00:0xa0:0xa0:0xd1:0x60:0x11:0x00:0x11:0x00:0x0e:0x00:0x00:0x00:0x0d:0x00:0x0b:0x00]
"centinal",7,17,[0xc0:0x00:0x00:0x00:0x00:0x00:0x30:0x40:0x00:0x00:0x00:0x00:0x00:0x20:0x50:0x00:0x00:0x60:0x00:0x00:0xa0:0x30:0x08:0x00:0x60:0x01:0x80:0xc0:0x00:0x18:0x00:0x00:0x01:0x40:0x00:0x00:0x30:0x00:0x00:0x00:0x40:0x00:0x00:0x19:0x80:0x00:0x01:0xc0:0x00:0x00:0x00:0x00:0x00:0x00:0x00:0x00:0x00:0x00:0x00:0x00:0x00:0x00:0x00:0x00:0x00:0x00:0x00:0x00:0x00:0x00:0x00:0x19:0x80:0x00:0x01:0xc0:0x00:0x00:0x30:0x00:0x00:0x00:0x40:0x00:0x00:0x18:0x00:0x00:0x01:0x40:0x00:0x30:0x08:0x00:0x60:0x01:0x80:0xc0:0x50:0x00:0x00:0x60:0x00:0x00:0xa0:0x40:0x00:0x00:0x00:0x00:0x00:0x20:0xc0:0x00:0x00:0x00:0x00:0x00:0x30]
"century",1,3,[0x30:0xe0:0x40]
"chemist",2,13,[0x01:0x00:0x01:0xc0:0x00:0x20:0x07:0x26:0x0a:0xaa:0x08:0xa8:0x68:0x2c:0x2a:0x20:0xaa:0xa0:0xc9:0xc0:0x08:0x00:0x07:0x00:0x01:0x00]
"C-heptomino",1,3,[0x70:0xe0:0x40]
"Cheshire cat",1,6,[0x48:0x78:0x84:0xb4:0x84:0x78]
"chicken wire",1,2,[0xc0:0x30]
"cis-beacon on table",1,7,[0x30:0x10:0x80:0xc0:0x00:0xf0:0x90]
"cis-boat with tail",1,5,[0x40:0xa0:0xd0:0x10:0x18]
"cis fuse with two tails",1,6,[0x10:0x70:0x8c:0x48:0x28:0x10]
"cis-mirrored R-bee",1,4,[0x6c:0xaa:0xaa:0x44]
"clock",1,4,[0x20:0xa0:0x50:0x40]
"clock II",2,12,[0x03:0x00:0x03:0x00:0x00:0x00:0x0f:0x00:0xd0:0x80:0xd2:0x80:0x12:0xb0:0x14:0xb0:0x0f:0x00:0x00:0x00:0x0c:0x00:0x0c:0x00]
"Coe ship",2,9,[0x0f:0xc0:0x30:0x40:0xd0:0x40:0x08:0x80:0x02:0x00:0x03:0x00:0x07:0x80:0x06:0xc0:0x01:0x80]
"Coe's p8",2,6,[0xc0:0x00:0xcc:0x00:0x06:0x00:0x09:0x00:0x01:0x30:0x05:0x30]
"colour of a glider",1,3,[0xe0:0x20:0x40]
"conduit",2,6,[0x00:0x68:0xb0:0x38:0xd0:0x10:0x00:0x00:0x00:0x60:0x00:0x60]
"confused eaters",2,11,[0x80:0x00:0xe0:0x00:0x10:0x00:0x20:0x00:0x24:0x00:0x04:0x00:0x14:0x00:0x19:0x80:0x01:0x40:0x00:0x40:0x00:0x60]
"converter",2,12,[0x52:0x00:0x75:0x80:0x81:0x04:0x41:0x8a:0x00:0x06:0xc1:0x00:0x40:0x80:0xd7:0x00:0x25:0x00:0x00:0x0e:0x00:0x0a:0x00:0x0a]
"Cordership",8,58,[0x00:0x00:0x00:0x00:0xd0:0x00:0x00:0x00:0x00:0x00:0x00:0x01:0xd0:0x28:0x00:0x00:0x00:0x00:0x00:0x02:0x14:0x20:0x00:0x00:0x00:0x00:0x00:0x01:0x81:0x44:0x00:0x00:0x00:0x00:0x00:0x00:0x89:0x30:0x00:0x00:0x00:0x00:0x00:0x00:0x16:0x20:0x00:0x00:0x00:0x00:0x00:0x00:0x28:0x00:0x06:0x00:0x00:0x00:0x00:0x00:0x28:0x00:0x06:0x00:0x00:0x00:0x00:0x00:0x00:0x00:0x00:0x00:0x00:0x00:0x00:0x00:0x00:0x00:0x00:0x00:0x00:0x00:0x00:0x00:0x00:0x00:0x00:0x00:0x00:0x00:0x00:0x00:0x00:0x00:0x00:0x00:0x00:0x00:0x00:0x00:0x00:0x00:0x00:0x00:0x00:0x00:0x00:0x00:0x00:0x00:0x00:0x00:0x00:0x00:0x00:0x00:0x00:0x00:0x00:0x06:0x00:0x00:0x00:0x00:0x00:0x00:0x0c:0x06:0x00:0x00:0x00:0x00:0x01:0x00:0x5e:0x00:0x00:0x00:0x00:0x00:0x23:0xe0:0xd1:0x80:0x00:0x00:0x00:0x00:0x50:0x18:0x4d:0x80:0x00:0x00:0x00:0x00:0x40:0x58:0x3f:0x00:0x00:0x00:0x00:0x00:0x20:0x18:0x10:0x00:0x00:0x00:0x00:0x00:0x11:0xe0:0x00:0x00:0x00:0x00:0x00:0x00:0x00:0xe0:0x00:0x00:0x00:0x00:0x00:0xa0:0x0c:0x00:0x00:0x00:0x00:0x00:0x00:0xa8:0x14:0x00:0x00:0x00:0x00:0x00:0x01:0x34:0x30:0x00:0x00:0x00:0x00:0x00:0x00:0xc5:0x68:0x00:0x00:0x00:0x00:0x00:0x00:0xc6:0xf8:0x00:0x00:0x00:0x00:0x00:0x00:0x0b:0x18:0x00:0x00:0x00:0x00:0x00:0x00:0x14:0x00:0x00:0x00:0x00:0x34:0x00:0x00:0x00:0x00:0x00:0x00:0x00:0x74:0x0a:0x00:0x00:0x00:0x00:0x00:0x00:0x85:0x08:0x00:0x00:0x00:0x00:0x00:0x00:0x60:0x51:0x00:0x00:0x00:0x00:0x00:0x00:0x22:0x4c:0x00:0x40:0x00:0x00:0x00:0x00:0x05:0x88:0x00:0xe0:0x00:0x00:0x00:0x00:0x0a:0x00:0x00:0x90:0x00:0x00:0x00:0x00:0x0a:0x00:0x01:0x08:0x00:0x00:0x00:0x00:0x00:0x00:0x00:0x80:0x00:0x00:0x00:0x00:0x00:0x00:0x00:0x00:0x00:0x00:0x00:0x00:0x00:0x00:0x00:0x90:0x00:0x00:0x00:0x00:0x00:0x00:0x00:0x50:0x00:0x00:0x00:0x00:0x00:0x00:0x00:0x00:0x00:0x00:0x00:0x00:0x00:0x00:0x04:0x00:0x00:0x00:0x00:0x00:0x00:0x00:0x0e:0x00:0x00:0x00:0x00:0x00:0x00:0x00:0x1b:0x00:0x00:0x00:0x00:0x00:0x00:0x40:0x34:0x10:0x00:0x00:0x00:0x00:0x08:0xf8:0x60:0x60:0x00:0x00:0x00:0x00:0x14:0x06:0x60:0x30:0x00:0x00:0x00:0x00:0x10:0x16:0x00:0x00:0x00:0x00:0x00:0x00:0x08:0x06:0x00:0x00:0x00:0x00:0x00:0x00:0x04:0x78:0x00:0x00:0x00:0x00:0x00:0x00:0x00:0x38:0x00:0x00:0x00:0x00:0x00:0x00:0x00:0x00:0x00:0x00:0x00:0x00:0x00:0x00:0x00:0x00:0x00:0x00:0x00:0x00:0x00:0x00:0x00:0x00:0x00:0x00:0x00:0x00:0x00:0x00:0x00:0x18:0x00:0x00:0x00:0x00:0x00:0x00:0x00:0x18:0x00:0x00:0x00:0x00:0x00:0x00]
"cousins",2,7,[0x05:0x80:0x1d:0x40:0xa0:0x40:0xdb:0x58:0x14:0x28:0x15:0xc0:0x0d:0x00]
"cover",1,5,[0x08:0x38:0x40:0x40:0xc0]
"cow",8,7,[0xc0:0x66:0x66:0x66:0x66:0x66:0x66:0x00:0xc2:0xe6:0x66:0x66:0x66:0x66:0x66:0x30:0x0d:0x00:0x00:0x00:0x00:0x00:0x00:0x50:0x0c:0x7f:0xff:0xff:0xff:0xff:0xff:0xc0:0x0d:0x00:0x00:0x00:0x00:0x00:0x00:0x20:0xc2:0xe6:0x66:0x66:0x66:0x66:0x66:0x60:0xc0:0x66:0x66:0x66:0x66:0x66:0x66:0x00]
"crane",3,26,[0x60:0x00:0x00:0xc0:0x00:0x00:0x20:0x00:0x00:0x0c:0x40:0x00:0x0c:0xa0:0x00:0x01:0xa0:0x00:0x01:0x80:0x00:0x01:0x80:0x00:0x00:0x00:0x60:0x00:0x43:0x40:0x00:0x73:0x00:0x00:0x73:0x00:0x00:0x30:0x00:0x00:0x00:0x00:0x00:0x08:0x00:0x00:0x18:0x00:0x00:0x10:0x00:0x00:0x08:0x00:0x00:0x00:0x00:0x00:0x06:0x00:0x00:0x02:0xc0:0x00:0x00:0x20:0x00:0x01:0x80:0x00:0x01:0x80:0x00:0x00:0x40:0x00:0x00:0x30]
"cross",1,8,[0x3c:0x24:0xe7:0x81:0x81:0xe7:0x24:0x3c]
"crowd",2,14,[0x00:0x10:0x00:0x70:0x06:0x80:0x04:0x40:0x01:0xa0:0x1e:0x20:0xa0:0xac:0xd4:0x14:0x11:0xe0:0x16:0x00:0x08:0x80:0x05:0x80:0x38:0x00:0x20:0x00]
"crown",3,15,[0x00:0x20:0x00:0x00:0x20:0x40:0x10:0x88:0xc0:0x18:0x70:0x00:0x00:0x73:0x94:0x4e:0x00:0xbc:0xa8:0x00:0x0c:0x90:0x00:0x00:0x60:0x18:0x00:0x03:0x42:0xc0:0x02:0x00:0x40:0x01:0x81:0x80:0x0e:0x7e:0x70:0x09:0x00:0x90:0x06:0x00:0x60]
"crystal",1,3,[0x40:0x23:0xe3]
"cuphook",2,8,[0x0c:0x00:0xd4:0x00:0xd0:0x00:0x10:0x00:0x12:0x00:0x0d:0x00:0x01:0x00:0x01:0x80]
"dart",2,10,[0x01:0x00:0x02:0x80:0x04:0x40:0x03:0x80:0x00:0x00:0x0c:0x60:0x22:0x88:0x62:0x8c:0x82:0x82:0x5a:0xb4]
"dead spark coil",1,5,[0xc6:0xaa:0x28:0xaa:0xc6]
"diamond ring",2,13,[0x02:0x00:0x05:0x00:0x0a:0x80:0x08:0x80:0x32:0x60:0x42:0x10:0xad:0xa8:0x42:0x10:0x32:0x60:0x08:0x80:0x0a:0x80:0x05:0x00:0x02:0x00]
"diehard",1,3,[0x02:0xc0:0x47]
"dinner table",2,13,[0x40:0x00:0x70:0x18:0x08:0x10:0x18:0x50:0x00:0x60:0x00:0x00:0x07:0x00:0x07:0x00:0x30:0x00:0x50:0xc0:0x40:0x80:0xc0:0x70:0x00:0x10]
"diuresis",4,25,[0x06:0x00:0x01:0x80:0x02:0x00:0x01:0x00:0x02:0x80:0x05:0x00:0x01:0x80:0x06:0x00:0x00:0x00:0x00:0x00:0x0c:0x00:0x00:0xc0:0x0a:0x00:0x61:0x40:0x04:0x00:0xa0:0x80:0x20:0x00:0xc0:0x10:0x3f:0x00:0x83:0xf0:0x01:0x00:0x02:0x00:0x0c:0x00:0x00:0xc0:0x08:0x00:0x00:0x40:0x04:0x00:0x00:0x80:0x39:0x00:0x02:0x70:0x27:0x00:0x83:0x88:0x10:0x00:0xc0:0x70:0x0c:0x00:0xa0:0x80:0x02:0x00:0x61:0x30:0x0c:0x00:0x00:0xd0:0x48:0x00:0x00:0x40:0xa9:0x80:0x06:0x40:0x4a:0x80:0x05:0x60:0x0a:0x00:0x01:0x20:0x06:0x00:0x01:0x80]
"dock",1,3,[0x78:0x84:0xcc]
"do-see-do",7,37,[0x00:0x00:0x00:0x00:0x00:0x00:0x05:0x00:0x00:0x00:0x00:0x00:0x00:0x06:0x00:0x00:0x00:0x00:0x00:0x00:0x02:0x00:0x00:0x00:0x00:0x00:0x00:0x00:0x00:0x00:0x00:0x00:0x00:0x00:0x00:0x00:0x00:0x00:0x00:0x00:0x00:0x00:0x00:0x00:0x00:0x00:0x00:0x00:0x00:0x00:0x00:0x00:0x00:0x00:0x00:0x00:0x00:0x00:0x00:0x00:0x00:0x00:0x00:0x00:0x00:0x00:0x00:0x00:0x00:0x00:0x00:0x00:0x00:0x00:0x00:0x00:0x00:0x00:0x00:0x00:0x00:0x00:0x00:0x00:0x00:0x00:0x00:0x00:0x00:0x00:0x00:0x00:0x00:0x00:0x00:0x00:0x00:0x00:0x00:0x00:0x00:0x00:0x00:0x00:0x00:0x00:0x00:0x00:0x00:0x00:0x00:0x00:0x00:0x00:0x00:0x00:0x00:0x00:0x00:0x00:0x00:0x00:0x00:0x00:0x00:0x00:0x00:0x00:0x00:0x00:0x00:0x00:0x00:0x00:0x00:0x00:0x00:0x00:0x00:0xc0:0x00:0x00:0x00:0x00:0x00:0x00:0x80:0x00:0x00:0x00:0x00:0x00:0x02:0x80:0x00:0x00:0x00:0x00:0x00:0x03:0x00:0x00:0x00:0x00:0x02:0x80:0x00:0x00:0x00:0x00:0x00:0x03:0x00:0x00:0x00:0x00:0x00:0x00:0x01:0x00:0x00:0x00:0x00:0x00:0x00:0x00:0x00:0x00:0x00:0x00:0x00:0x01:0xc0:0x00:0x00:0x00:0xc0:0x38:0x06:0xb0:0x00:0x00:0x00:0xc0:0x22:0x08:0x30:0x00:0x00:0x00:0x00:0x21:0x06:0xb0:0x00:0x00:0x00:0x00:0x11:0x01:0xc0:0x00:0x00:0x00:0x00:0x00:0x00:0x00:0x00:0x00:0x00:0x00:0x11:0x00:0x00:0x00:0x00:0x00:0x00:0x21:0x00:0x00:0x00:0x00:0x00:0xc0:0x22:0x00:0x18:0x00:0x00:0x00:0xc0:0x38:0x00:0x18:0x00:0x00:0x00]
"double block reaction",2,7,[0x78:0x30:0x88:0x1b:0x08:0x13:0x90:0x00:0x00:0x00:0x00:0x06:0x00:0x06]
"double caterer",3,12,[0x06:0x20:0x00:0x09:0x38:0x00:0x0d:0x04:0x00:0x02:0xf4:0x00:0x3a:0x8b:0x00:0x49:0x12:0x80:0xa4:0x58:0x40:0x40:0x0d:0xc0:0x36:0xc4:0x00:0x11:0x05:0xc0:0x11:0x03:0x20:0x00:0x00:0x60]
"double ewe",3,20,[0x03:0x00:0x00:0x01:0x00:0x00:0x02:0x00:0x00:0x03:0x00:0x00:0x00:0x60:0x00:0x03:0xa0:0x00:0xb4:0x00:0x00:0xd4:0x00:0x00:0x04:0x40:0x00:0x08:0xc3:0x00:0x0c:0x31:0x00:0x00:0x22:0x00:0x00:0x02:0xb0:0x00:0x02:0xd0:0x00:0x5c:0x00:0x00:0x60:0x00:0x00:0x0c:0x00:0x00:0x04:0x00:0x00:0x08:0x00:0x00:0x0c:0x00]
"dove",1,4,[0x60:0x90:0x48:0x38]
"dragon",4,14,[0x00:0x04:0xc0:0x9c:0x04:0x7b:0xf0:0x9c:0x7c:0x21:0x0e:0x00:0x81:0xa0:0x6e:0x5c:0x7d:0xc0:0x3c:0x5c:0x04:0x80:0x01:0x00:0x00:0xc0:0x0d:0x80:0x00:0xc0:0x0d:0x80:0x04:0x80:0x01:0x00:0x7d:0xc0:0x3c:0x5c:0x81:0xa0:0x6e:0x5c:0x7c:0x21:0x0e:0x00:0x04:0x7b:0xf0:0x9c:0x00:0x04:0xc0:0x9c]
"eater",2,10,[0x10:0x00:0x14:0x00:0x18:0x00:0x00:0x00:0x01:0x80:0x11:0x80:0x28:0x00:0x50:0x00:0x40:0x00:0xc0:0x00]
"eater1",1,4,[0xc0:0xa0:0x20:0x30]
"eater2",1,7,[0x16:0x76:0x80:0x76:0x14:0x14:0x08]
"eater3",2,12,[0x00:0x60:0x0c:0x90:0x48:0x50:0xa8:0x20:0x4b:0x00:0x09:0x00:0x04:0x20:0x03:0xe0:0x00:0x00:0x00:0x80:0x01:0x40:0x00:0x80]
"eater4",2,14,[0x18:0x00:0x10:0x00:0xd0:0x00:0x98:0x00:0x61:0x00:0x1f:0x00:0x10:0xc0:0x0c:0x80:0x02:0x80:0x02:0xa4:0x01:0xbc:0x00:0x40:0x00:0x50:0x00:0x30]
"eater/block frob",2,10,[0x60:0x00:0x20:0x00:0x28:0x00:0x14:0x00:0x06:0xc0:0x00:0xc0:0x30:0x00:0x10:0x00:0xe0:0x00:0x80:0x00]
"eater plug",1,8,[0x01:0x07:0x08:0x04:0x24:0x58:0x40:0xc0]
"ecologist",3,18,[0xf0:0x60:0x00:0x88:0xd8:0x00:0x80:0x78:0x00:0x48:0x30:0x00:0x00:0x00:0x00:0x04:0x01:0x80:0x1c:0x03:0xe0:0x22:0x08:0x60:0x21:0xf0:0x60:0x35:0xe1:0x80:0x08:0xdc:0x00:0x05:0x00:0x00:0x00:0x00:0x00:0x00:0x00:0x00:0xf0:0x00:0x00:0x88:0x00:0x00:0x80:0x00:0x00:0x48:0x00:0x00]
"edge-repair spaceship",5,8,[0x00:0x00:0x00:0x00:0x20:0x00:0x80:0x00:0x00:0xee:0x01:0xe0:0x00:0x01:0x81:0x22:0x36:0x00:0x22:0x46:0x78:0x26:0x00:0x78:0x00:0x88:0x09:0x00:0x88:0x00:0x52:0x00:0x00:0x52:0x00:0x04:0x00:0x00:0x04:0x00]
"edge shooter",6,32,[0xc0:0x03:0x21:0x98:0x00:0x00:0xc0:0x02:0xc0:0xd8:0x00:0x00:0x00:0x01:0x02:0x80:0x00:0x00:0x00:0x01:0xc3:0x00:0x00:0x00:0x00:0x00:0x00:0x00:0x00:0x00:0x00:0x01:0xc3:0x00:0x00:0x00:0x00:0x01:0x02:0x80:0x00:0x00:0xc0:0x02:0xc0:0xc0:0x00:0x00:0xc0:0x03:0x21:0x80:0x00:0x00:0x00:0x00:0x00:0x00:0x00:0x00:0x00:0x00:0x00:0x00:0x00:0x00:0x00:0x00:0x00:0x00:0x00:0x00:0x00:0x00:0x00:0x00:0x00:0x00:0x00:0x00:0x00:0x00:0x00:0x00:0x00:0x00:0x00:0x00:0x00:0x00:0x00:0x00:0x00:0x01:0xc7:0x00:0x00:0x00:0x00:0x02:0x28:0x80:0x00:0x00:0x00:0x04:0x6c:0x40:0x00:0x00:0x00:0x05:0x83:0x40:0x00:0x00:0x00:0x01:0x01:0x00:0x00:0x00:0x00:0x00:0x00:0x00:0x00:0x00:0x00:0x00:0x00:0x00:0x00:0x00:0x00:0x00:0x00:0x00:0x00:0x00:0x00:0x00:0x00:0x00:0x00:0x00:0x00:0x00:0x00:0x00:0x00:0x00:0x00:0x00:0x00:0x00:0x00:0x00:0x00:0x00:0x00:0x00:0x00:0x00:0x00:0x00:0x00:0x00:0x00:0x00:0x00:0x00:0x00:0x00:0x00:0x00:0x00:0x00:0x00:0x00:0x00:0x00:0x00:0x01:0x83:0x00:0x00:0x00:0x00:0x01:0x83:0x00]
"E-heptomino",1,3,[0x70:0xc0:0x60]
"electric fence",8,15,[0x00:0x20:0x00:0x00:0x00:0x00:0x00:0x00:0x00:0x50:0x00:0x00:0x0c:0x00:0x00:0x00:0x21:0xd0:0x40:0x00:0x04:0x48:0x10:0x60:0x52:0x18:0xa0:0x00:0x05:0xce:0x28:0x40:0x52:0xc0:0x40:0x00:0x02:0x31:0x48:0x10:0xda:0xbe:0x08:0x00:0x01:0x89:0x5b:0x30:0x52:0x24:0x80:0xc6:0x30:0xd9:0x4a:0x80:0x4c:0x30:0x3b:0x18:0xc7:0x07:0xba:0x30:0x27:0x25:0xe3:0x18:0xc7:0x64:0x28:0x48:0x18:0xa4:0x18:0xc6:0x30:0x20:0x01:0x18:0x06:0xb5:0x90:0x00:0x00:0x20:0x1a:0x00:0x05:0xa5:0x84:0x00:0x01:0xa8:0x00:0x00:0x00:0x18:0x0c:0x00:0x00:0x98:0x00:0x00:0x00:0x00:0x00:0x00:0x02:0x80:0x00:0x00:0x00:0x00:0x00:0x00:0x03:0x00:0x00:0x00]
"elevener",1,6,[0xc0:0xa0:0x20:0x38:0x04:0x0c]
"Elkies' p5",2,8,[0x40:0x00:0x9c:0x00:0x20:0x00:0x14:0x80:0x37:0x80:0x08:0x00:0x0a:0x00:0x06:0x00]
"en retard",2,11,[0x04:0x00:0x0a:0x00:0xd5:0x60:0x51:0x40:0x95:0x20:0x60:0xc0:0x1b:0x00:0x15:0x00:0x0a:0x00:0x2a:0x80:0x31:0x80]
"Enterprise",3,21,[0x01:0xc0:0x00:0x05:0x80:0x00:0x0f:0x00:0x00:0x18:0x20:0x00:0x39:0x50:0x00:0x62:0x90:0x00:0x57:0xc0:0x00:0xd4:0x40:0x00:0x80:0x60:0x00:0x64:0x50:0x00:0x0c:0xb0:0x20:0x00:0x18:0x38:0x00:0x09:0xc8:0x00:0x09:0x30:0x00:0x05:0x80:0x00:0x0c:0x00:0x00:0x0c:0x00:0x00:0x10:0x00:0x00:0x0a:0x00:0x00:0x12:0x00:0x00:0x04:0x00]
"Eureka",3,11,[0x40:0x00:0x80:0xa1:0x01:0x40:0x46:0xc0:0x80:0x01:0x00:0x00:0x00:0x00:0x00:0x00:0x00:0x00:0x00:0x00:0x00:0x01:0x00:0x00:0x46:0xc0:0x80:0xa1:0x01:0x40:0x40:0x00:0x80]
"extremely impressive",2,10,[0x0c:0x00:0x17:0x00:0x10:0x80:0xd1:0x80:0xd0:0x60:0x0f:0x90:0x00:0x30:0x02:0x00:0x05:0x00:0x02:0x00]
"factory",7,24,[0x00:0x00:0x01:0x80:0x00:0x00:0x60:0x00:0x00:0x01:0x80:0x00:0x00:0x60:0x00:0x00:0x00:0x00:0x00:0x60:0x00:0x00:0x00:0x00:0x00:0x00:0x90:0x00:0x00:0x00:0x00:0x00:0x00:0x60:0x00:0x00:0x00:0x00:0x00:0x00:0x00:0x00:0x00:0x00:0x00:0x00:0x0e:0x00:0x00:0x00:0x00:0x00:0x00:0x0a:0x00:0x00:0x00:0x60:0x00:0x00:0x0e:0x00:0x00:0x00:0x60:0x00:0x00:0x0c:0x00:0x00:0x00:0x90:0x00:0x00:0x1c:0x00:0x00:0x00:0x96:0x00:0x00:0x14:0x00:0x00:0x00:0x86:0x00:0x00:0x1c:0x00:0x00:0x00:0x36:0x00:0x00:0x00:0x00:0x00:0x00:0x00:0x00:0x01:0x80:0x00:0x00:0x00:0x00:0x06:0x02:0x40:0x00:0x00:0x00:0x00:0x06:0x01:0x80:0x00:0x00:0x00:0x00:0x00:0x00:0x00:0x00:0x60:0x00:0x00:0x00:0x00:0x00:0x00:0x60:0x00:0x00:0x00:0x00:0x00:0x00:0x00:0x0c:0x00:0x00:0x80:0x00:0x00:0x00:0xc3:0xc0:0x0c:0xdc:0x00:0x00:0x00:0xcd:0xc0:0x0c:0x3c:0x00:0x00:0x00:0x08:0x00:0x00:0xc0:0x00:0x00:0x00]
"Fast Forward Force Field",3,7,[0x01:0x02:0x00:0x00:0x81:0x80:0x33:0x83:0x00:0xd8:0x00:0x00:0xf0:0x04:0x00:0x60:0x0c:0x00:0x00:0x0a:0x00]
"F-heptomino",1,4,[0xc0:0x40:0x40:0x70]
"figure-8",1,6,[0xe0:0xe0:0xe0:0x1c:0x1c:0x1c]
"filter",4,25,[0x00:0x3c:0x00:0x00:0x0c:0x7e:0x00:0x00:0xf6:0x7b:0x00:0x00:0xfc:0x06:0x00:0x00:0x78:0x00:0x00:0x00:0x00:0x00:0x00:0x00:0x00:0x00:0xc0:0x00:0x00:0x02:0x10:0x00:0x00:0x00:0x00:0x00:0x00:0x05:0x28:0x00:0x00:0x1e:0xde:0x00:0x00:0xa1:0x21:0x40:0x00:0xda:0x16:0xc0:0x00:0x14:0x0a:0x00:0x00:0xd4:0x0a:0xc0:0x00:0xd0:0x02:0xc0:0x00:0x15:0xea:0x00:0x00:0x14:0x0a:0x00:0x00:0x35:0xeb:0x00:0x00:0x27:0x39:0x00:0x00:0x09:0xe4:0x00:0x00:0x1a:0x16:0x00:0x00:0x12:0x12:0x00:0x00:0x09:0x24:0x00:0x00:0x06:0x18:0x00]
"fire-spitting",2,8,[0x10:0x00:0x70:0x00:0x80:0x00:0x5c:0x00:0x41:0x00:0x24:0x00:0x29:0x40:0x00:0xc0]
"fleet",2,10,[0x0c:0x00:0x0a:0x00:0x06:0x00:0x01:0x80:0xc1:0x40:0xa0:0xc0:0x60:0x00:0x18:0x00:0x14:0x00:0x0c:0x00]
"flotilla",2,16,[0x0f:0x00:0x1f:0x80:0x37:0x80:0x18:0x00:0x00:0x00:0x00:0x18:0x40:0x02:0x80:0x00:0x80:0x02:0xff:0xfc:0x00:0x00:0x00:0x00:0x0f:0x00:0x1f:0x80:0x37:0x80:0x18:0x00]
"fly",5,20,[0x20:0x00:0x00:0x00:0x00:0x50:0x00:0x00:0x00:0x00:0x50:0x00:0x00:0x28:0x80:0x40:0x00:0x00:0x6a:0x40:0x00:0x1c:0x02:0x00:0x80:0xc0:0x19:0x62:0x78:0x00:0x50:0x07:0x94:0xc3:0x00:0x60:0x12:0x38:0x38:0x00:0x20:0x21:0x33:0x24:0x00:0x12:0x21:0x3a:0x86:0x00:0x01:0x61:0x3c:0x10:0x00:0x0c:0x61:0x3c:0x10:0x00:0x0a:0x21:0x3a:0x86:0x00:0x18:0x21:0x33:0x24:0x00:0x0a:0x12:0x38:0x38:0x00:0x04:0x07:0x94:0xc3:0x00:0x00:0x19:0x62:0x78:0x00:0x00:0x1c:0x02:0x00:0x80:0x00:0x00:0x00:0x6a:0x40:0x00:0x00:0x00:0x28:0x80]
"fore and back",1,7,[0xd8:0xd4:0x02:0xee:0x80:0x56:0x36]
"fountain",3,15,[0x00:0x40:0x00:0x00:0x00:0x00:0x1a:0x0b:0x00:0x10:0x41:0x00:0x0d:0xb6:0x00:0x00:0x00:0x00:0x03:0x18:0x00:0xc0:0x00:0x60:0x91:0x51:0x20:0x77:0xfd:0xc0:0x08:0x42:0x00:0x18:0x03:0x00:0x10:0x01:0x00:0x04:0x04:0x00:0x0c:0x06:0x00]
"fourteener",1,5,[0x0c:0xca:0x82:0x7c:0x10]
"fox",1,7,[0x08:0x08:0x24:0xc0:0x0a:0x2a:0x02]
"French kiss",2,9,[0x80:0x00:0xe0:0x00:0x10:0x00:0x26:0x00:0x21:0x00:0x19:0x00:0x02:0x00:0x01:0xc0:0x00:0x40]
"frog II",2,13,[0x31:0x80:0x2a:0x80:0x0a:0x00:0x15:0x00:0x1b:0x00:0x60:0xc0:0x95:0x20:0x51:0x40:0xd1:0x60:0x0e:0x00:0x00:0x00:0x16:0x00:0x1a:0x00]
"frothing puffer",5,23,[0x01:0x00:0x00:0x40:0x00:0x03:0x80:0x00:0xe0:0x00:0x06:0x1c:0x1c:0x30:0x00:0x1a:0x72:0x27:0x2c:0x00:0x0a:0x51:0x45:0x28:0x00:0x6a:0xa1:0x42:0xab:0x00:0x62:0x84:0x10:0xa3:0x00:0x74:0x42:0xa1:0x17:0x00:0xc0:0x1a:0xac:0x01:0x80:0x00:0x08:0x08:0x00:0x00:0x00:0x68:0x0b:0x00:0x00:0x00:0x20:0x02:0x00:0x00:0x01:0xa0:0x02:0xc0:0x00:0x01:0x80:0x00:0xc0:0x00:0x01:0x57:0x75:0x40:0x00:0x03:0x11:0x44:0x60:0x00:0x02:0x45:0x51:0x20:0x00:0x00:0x61:0x43:0x00:0x00:0x06:0x11:0x44:0x30:0x00:0x00:0x5a:0x2d:0x00:0x00:0x00:0x2a:0xaa:0x00:0x00:0x00:0x09:0x48:0x00:0x00:0x00:0x14:0x14:0x00:0x00]
"fumarole",1,7,[0x18:0x42:0x42:0x42:0x24:0xa5:0xc3]
"Gabriel's p138",2,15,[0x01:0xc0:0x02:0x40:0x01:0x10:0x20:0xe0:0x10:0x40:0xd8:0x00:0x90:0x04:0xa0:0x0a:0x40:0x12:0x00:0x36:0x04:0x10:0x0e:0x08:0x11:0x00:0x04:0x80:0x07:0x00]
"Garden of Eden",2,12,[0x2e:0x00:0xd7:0xd0:0xad:0x40:0x7a:0xe0:0xad:0xd0:0x76:0xa0:0x23:0x90:0x5a:0xa0:0xef:0x50:0xde:0x20:0x56:0x40:0x69:0xa0]
"germ",2,10,[0x0c:0x00:0x04:0x00:0x10:0x00:0x2f:0x00:0x21:0x00:0x68:0x00:0x2b:0xc0:0xa8:0x40:0xc7:0x00:0x01:0x80]
"glasses",3,11,[0x08:0x04:0x00:0x38:0x07:0x00:0x40:0x00:0x80:0x4e:0x1c:0x80:0xd1:0x22:0xc0:0x11:0xe2:0x00:0x11:0x22:0x00:0x0e:0x1c:0x00:0x00:0x00:0x00:0x0d:0x2c:0x00:0x0b:0x34:0x00]
"glider",1,3,[0xe0:0x80:0x40]
"glider-block cycle",1,7,[0x18:0x18:0x00:0x00:0x24:0xa5:0x66]
"glider duplicator",5,27,[0x00:0x28:0x00:0x00:0x00:0x00:0x18:0x00:0x00:0x00:0x00:0x10:0x00:0x00:0x00:0x00:0x00:0x00:0x00:0x00:0x00:0x00:0x00:0x00:0x00:0x00:0x00:0x00:0x00:0x00:0x00:0x00:0x00:0xc2:0x00:0x00:0x00:0x20:0xc3:0x00:0x00:0x00:0x18:0x05:0x00:0x00:0x00:0x30:0x00:0x00:0x00:0x00:0x00:0x00:0x00:0x00:0x00:0x00:0x00:0x00:0x00:0x00:0x00:0x00:0x00:0x00:0x00:0x00:0x00:0x00:0x00:0x00:0x03:0x00:0x00:0x00:0x00:0x01:0x80:0x00:0x00:0x08:0x02:0x00:0x00:0x00:0x0a:0x00:0x00:0x00:0x00:0x05:0x00:0x60:0x00:0xc0:0x04:0x80:0xe0:0x00:0xc0:0x05:0x05:0x80:0x00:0x00:0x0a:0x04:0x80:0x00:0x00:0x08:0x05:0x80:0x00:0x00:0x00:0x00:0xe0:0xc0:0x00:0x00:0x00:0x60:0xa0:0x00:0x00:0x00:0x00:0x20:0x00:0x00:0x00:0x00:0x30]
"gliderless",7,40,[0x01:0x00:0x00:0x00:0x00:0x00:0x00:0x31:0x42:0x00:0x00:0x00:0x00:0x00:0x26:0x56:0x9c:0xc0:0x00:0x00:0x00:0x0c:0x06:0xac:0xc0:0x00:0x00:0x00:0x1c:0x04:0x07:0x00:0x40:0x00:0x00:0x00:0x00:0x01:0x01:0xc0:0x00:0x00:0x00:0x00:0x01:0x02:0x01:0xc0:0x00:0x00:0x00:0x00:0x03:0x01:0x20:0x00:0x00:0x60:0x00:0x40:0x01:0x00:0x00:0x00:0x60:0x00:0x80:0x01:0x10:0x00:0x00:0x00:0x00:0x60:0x01:0x00:0x00:0x00:0x00:0x00:0xa0:0x00:0xa0:0x00:0x00:0x00:0x00:0x00:0x00:0x00:0x00:0x00:0x00:0x01:0x41:0xc0:0x00:0x00:0x00:0x00:0x00:0x82:0x40:0x00:0xc0:0xc0:0x03:0x80:0x81:0x80:0x0d:0x40:0xc0:0x04:0x40:0x00:0x00:0x0d:0x00:0x00:0x06:0xc0:0x00:0x00:0x00:0x80:0x00:0x00:0x00:0x00:0x60:0x0d:0x80:0x00:0x00:0x00:0x03:0x00:0x05:0x00:0x00:0x00:0x00:0x00:0x00:0x05:0x00:0x00:0x00:0x00:0x00:0x00:0x02:0x00:0x00:0x06:0xc0:0x01:0x40:0x00:0x00:0xc0:0x04:0x40:0x01:0x80:0x00:0x00:0xc0:0x03:0x80:0x00:0x00:0x00:0x00:0x00:0x00:0x00:0x18:0x00:0x00:0x00:0x00:0x00:0x00:0x14:0x00:0x00:0x00:0x00:0x00:0x00:0x04:0x00:0x00:0x00:0x00:0x00:0x00:0x06:0x00:0x00:0x00:0x00:0x00:0x00:0x00:0x00:0x00:0x00:0x00:0x60:0x00:0x00:0x00:0x00:0x00:0x00:0x60:0x00:0x00:0x00:0x00:0x00:0x00:0x00:0x00:0x00:0x00:0x00:0x00:0x00:0x00:0x01:0x00:0x00:0x00:0x00:0x00:0x00:0x01:0x00:0x00:0x00:0x00:0x1c:0x04:0x07:0x00:0x00:0x00:0x00:0x0c:0x06:0xac:0xc0:0x00:0x00:0x00:0x26:0x56:0x9c:0xc0:0x00:0x00:0x00:0x31:0x42:0x00:0x00:0x00:0x00:0x00:0x01:0x00:0x00:0x00:0x00:0x00:0x00]
"glider pusher",4,20,[0x00:0x60:0x00:0x00:0x00:0x60:0x00:0x00:0x00:0x00:0x00:0x00:0x00:0x20:0x00:0x00:0x00:0x50:0x00:0x00:0x00:0x50:0x00:0x00:0x00:0x20:0x00:0x00:0x00:0x00:0x00:0x00:0x00:0x00:0x00:0x00:0x01:0xac:0x00:0x00:0x01:0x04:0x00:0x00:0x00:0x88:0x00:0x00:0x40:0x70:0x00:0x00:0x20:0x00:0x00:0x00:0xe0:0x00:0x00:0x00:0x00:0x00:0x00:0x00:0x00:0x00:0x00:0x00:0x00:0x00:0x42:0x00:0x00:0x01:0xbd:0x80:0x00:0x00:0x42:0x00]
"gliders by the dozen",1,3,[0xc8:0x88:0x98]
"glider synthesis",2,9,[0x02:0x00:0x02:0x80:0x03:0x00:0x00:0x00:0xe0:0x00:0x20:0x00:0x41:0x80:0x00:0xc0:0x01:0x00]
"glider turner",3,21,[0x00:0x60:0x00:0x00:0xde:0x00:0x40:0x7e:0x00:0x80:0x3c:0x00:0xe0:0x00:0x00:0x00:0x00:0x00:0x00:0x00:0x00:0x00:0x00:0x00:0x00:0x00:0x00:0x10:0x00:0x00:0x44:0x00:0x00:0x80:0x00:0x00:0x84:0x00:0x00:0xf8:0x00:0x00:0x00:0x00:0x00:0x00:0x00:0x00:0x00:0x07:0xe0:0x00:0x04:0x10:0x00:0x04:0x00:0x00:0x02:0x10:0x00:0x00:0xc0]
"Gosper glider gun",5,9,[0x00:0x00:0x00:0x80:0x00:0x00:0x00:0x02:0x80:0x00:0x00:0x0c:0x0c:0x00:0x30:0x00:0x11:0x0c:0x00:0x30:0xc0:0x20:0x8c:0x00:0x00:0xc0:0x22:0xc2:0x80:0x00:0x00:0x20:0x80:0x80:0x00:0x00:0x11:0x00:0x00:0x00:0x00:0x0c:0x00:0x00:0x00]
"gourmet",3,20,[0x00:0x30:0x00:0x00:0x20:0x00:0x0d:0xa1:0x80:0x25:0x41:0x00:0x30:0x80:0x40:0x00:0x00:0xc0:0x00:0x00:0x00:0x00:0x00:0xc0:0x80:0x39:0x40:0xe0:0x28:0x80:0x10:0x28:0x70:0x28:0x00:0x10:0x30:0x00:0x00:0x00:0x00:0x00:0x30:0x00:0x00:0x20:0x10:0xc0:0x08:0x2a:0x40:0x18:0x5b:0x00:0x00:0x40:0x00:0x00:0xc0:0x00]
"Gray counter",2,9,[0x02:0x00:0x05:0x00:0x0a:0x80:0x48:0x90:0xa8:0xa8:0x48:0x90:0x0a:0x80:0x05:0x00:0x02:0x00]
"great on-off",1,8,[0x30:0x48:0x50:0xd2:0x0d:0x01:0x0e:0x08]
"grin",1,2,[0x90:0x60]
"grow-by-one object",3,15,[0x00:0xc0:0x00:0x01:0x80:0x00:0x00:0x40:0x00:0x00:0x18:0x00:0x00:0x20:0x00:0x00:0x00:0x00:0x00:0x4c:0x00:0x60:0xc2:0x00:0xc1:0x04:0x00:0x21:0x46:0x00:0x09:0x0d:0x00:0x0c:0x06:0x00:0x00:0x85:0x80:0x01:0x4b:0x00:0x00:0x80:0x00]
"hammer",3,6,[0x90:0x00:0x00:0x08:0xc0:0x00:0x89:0xc1:0xe0:0x79:0xa1:0x10:0x00:0xe1:0x00:0x00:0x40:0x90]
"hammerhead",3,18,[0x00:0x00:0x80:0x60:0x02:0x20:0xdc:0x04:0x00:0x7c:0x04:0x20:0x3e:0x0b:0xc0:0x03:0xac:0x00:0x03:0x84:0x00:0x03:0xb8:0x00:0x00:0x30:0x00:0x00:0x30:0x00:0x03:0xb8:0x00:0x03:0x84:0x00:0x03:0xac:0x00:0x3e:0x0b:0xc0:0x7c:0x04:0x20:0xdc:0x04:0x00:0x60:0x02:0x20:0x00:0x00:0x80]
"handshake",1,4,[0x30:0x58:0xd0:0x60]
"harbor",3,17,[0x06:0x30:0x00:0x05:0x50:0x00:0x02:0x20:0x00:0x00:0x00:0x00:0x06:0x30:0x00:0xca:0x29:0x80:0xac:0x1a:0x80:0x40:0x01:0x00:0x00:0x00:0x00:0x40:0x01:0x00:0xac:0x1a:0x80:0xca:0x29:0x80:0x06:0x30:0x00:0x00:0x00:0x00:0x02:0x20:0x00:0x05:0x50:0x00:0x06:0x30:0x00]
"harvester",3,15,[0x00:0x00:0xc0:0x00:0x01:0x40:0x00:0x02:0x00:0x00:0x04:0x00:0x00:0x08:0x00:0x00:0x10:0x00:0x00:0x20:0x00:0x00:0x40:0x00:0x00:0x80:0x00:0x01:0x00:0x00:0x02:0x00:0x00:0x04:0x00:0x00:0xf8:0x00:0x00:0xf0:0x00:0x00:0xb0:0x00:0x00]
"hat",1,4,[0x20:0x50:0x50:0xd8]
"hebdarole",3,19,[0x00:0x18:0x00:0x0c:0x42:0x30:0x49:0x42:0x92:0xab:0x42:0xd5:0x49:0x5a:0x92:0x0c:0x24:0x30:0x00:0x18:0x00:0x01:0x24:0x80:0x02:0xc3:0x40:0x01:0x00:0x80:0x00:0x00:0x00:0x18:0x00:0x18:0x13:0xc3:0xc8:0x0a:0xa5:0x50:0x1a:0x3c:0x58:0x01:0x81:0x80:0x00:0x66:0x00:0x00:0x4a:0x00:0x00:0x30:0x00]
"hectic",5,39,[0x00:0x00:0x03:0x00:0x00:0x00:0x00:0x03:0x00:0x00:0x00:0x00:0x00:0x00:0x00:0x00:0x00:0x00:0x00:0x00:0x00:0x00:0x00:0x00:0x00:0x00:0x00:0x00:0x00:0x00:0x00:0x00:0x00:0x00:0x00:0x00:0x00:0x00:0x00:0x00:0x00:0x00:0x00:0x00:0x00:0x00:0x00:0x00:0x00:0x00:0x00:0x00:0x00:0x00:0x00:0x00:0x00:0x00:0x00:0x00:0x00:0x40:0x0c:0x60:0x00:0x01:0x40:0x03:0x80:0x00:0x02:0x80:0x04:0x40:0x00:0xc4:0x80:0x02:0x80:0x00:0xc2:0x80:0x01:0x00:0x00:0x01:0x40:0xa0:0x00:0x00:0x00:0x40:0xc0:0x00:0x00:0x00:0x00:0x44:0x00:0x00:0x00:0x00:0x06:0x04:0x00:0x00:0x00:0x0a:0x05:0x00:0x00:0x01:0x00:0x02:0x86:0x00:0x02:0x80:0x02:0x46:0x00:0x04:0x40:0x02:0x80:0x00:0x03:0x80:0x05:0x00:0x00:0x0c:0x60:0x04:0x00:0x00:0x00:0x00:0x00:0x00:0x00:0x00:0x00:0x00:0x00:0x00:0x00:0x00:0x00:0x00:0x00:0x00:0x00:0x00:0x00:0x00:0x00:0x00:0x00:0x00:0x00:0x00:0x00:0x00:0x00:0x00:0x00:0x00:0x00:0x00:0x00:0x00:0x00:0x00:0x00:0x00:0x00:0x00:0x00:0x00:0x00:0x00:0x00:0x00:0x00:0x00:0x01:0x80:0x00:0x00:0x00:0x01:0x80:0x00:0x00]
"Heisenburp device",2,9,[0x82:0x00:0x62:0x80:0xc3:0x00:0x00:0x00:0x00:0x00:0x00:0x00:0x00:0x60:0x00:0xa0:0x00:0x20]
"helix",6,61,[0x00:0x00:0x00:0x01:0x00:0x00:0x00:0x00:0x40:0x03:0x80:0x00:0x00:0x00:0xe1:0xc2:0xc0:0x00:0x00:0x70:0xb1:0x21:0xce:0x00:0x00:0x48:0x71:0x01:0x88:0x00:0x00:0x40:0x61:0x10:0x04:0x00:0x00:0x44:0x01:0x10:0x00:0x00:0xe0:0x44:0x01:0x00:0x00:0x00:0x90:0x40:0x00:0xa0:0x00:0x00:0x80:0x28:0x00:0x00:0x00:0x00:0x80:0x00:0x00:0x00:0x00:0x00:0x50:0x00:0x00:0x00:0x00:0x00:0x00:0x00:0x00:0x00:0x00:0x00:0x00:0x00:0x00:0x00:0x00:0x00:0x00:0x20:0x00:0x00:0x00:0x00:0x00:0x70:0x00:0x00:0x00:0x00:0x00:0x58:0x00:0x00:0x00:0x00:0x00:0x38:0x00:0x00:0x00:0x00:0x00:0x30:0x00:0x00:0x00:0x00:0x00:0x00:0x00:0x00:0x00:0x00:0x00:0x00:0x00:0x00:0x00:0x00:0x00:0x01:0xc0:0x00:0x00:0x00:0x00:0x01:0x21:0x07:0x00:0x00:0x00:0x01:0x03:0x84:0x84:0x00:0x00:0x01:0x06:0x84:0x0e:0x00:0x0e:0x00:0xa7:0x04:0x1a:0x00:0x09:0x00:0x07:0x02:0x9c:0x00:0x08:0x00:0x07:0x00:0x1c:0x00:0x08:0x00:0x03:0x00:0x1c:0x00:0x05:0x00:0x00:0x00:0x0c:0x00:0x00:0x00:0x00:0x00:0x00:0x10:0x00:0x00:0x00:0x00:0x00:0x38:0x00:0x00:0x00:0x00:0x00:0x68:0x00:0x00:0x00:0x00:0x00:0x70:0x00:0x00:0x00:0x00:0x00:0x30:0x00:0x00:0x00:0x00:0x00:0x00:0x00:0x00:0x00:0x00:0x00:0x00:0x00:0x00:0x00:0x00:0x00:0x00:0x00:0x00:0x00:0x00:0x00:0x00:0x00:0x00:0x00:0x00:0x00:0x00:0x00:0x00:0x00:0x00:0x00:0x00:0x00:0x00:0x00:0x00:0x00:0x40:0x00:0x00:0x00:0x03:0x80:0xe0:0x00:0x00:0xe0:0x84:0x81:0xa0:0x00:0x21:0x21:0xc0:0x81:0xc0:0x00:0x70:0x21:0x60:0x81:0xc0:0x00:0x58:0x20:0xe5:0x00:0xc0:0x00:0x39:0x40:0xe0:0x00:0x00:0x40:0x38:0x00:0xe0:0x00:0x00:0xe0:0x38:0x00:0xc0:0x00:0x00:0xb0:0x30:0x00:0x00:0x00:0x00:0x70:0x00:0x00:0x00:0x00:0x20:0x60:0x00:0x00:0x00:0x00:0x70:0x00:0x00:0x00:0x00:0x00:0xd0:0x00:0x00:0x00:0x00:0x00:0xe0:0x00:0x00:0x00:0x00:0x00:0x60:0x00:0x70:0x00:0x00:0x00:0x00:0x00:0x90:0x00:0x00:0x00:0x00:0x00:0x10:0x00:0x00:0x00:0x00:0x00:0x10:0x00:0x00:0x00:0x00:0x00:0xa0:0x00:0x00:0x00:0x00]
"heptapole",2,10,[0xc0:0x00:0xa0:0x00:0x00:0x00:0x28:0x00:0x00:0x00:0x0a:0x00:0x00:0x00:0x02:0x80:0x00:0x40:0x00:0xc0]
"Herschel",1,4,[0x80:0xe0:0xa0:0x20]
"Herschel conduit",0,0,[]
"Herschel receiver",7,33,[0x00:0x00:0x00:0x00:0x00:0x01:0x40:0x00:0x00:0x00:0x00:0x03:0x01:0x80:0x00:0x00:0x00:0x00:0x03:0x00:0x80:0x18:0x00:0x00:0x00:0x00:0x00:0x00:0x10:0x00:0x00:0x00:0x00:0x00:0x00:0x08:0x00:0x00:0x00:0x00:0x00:0x00:0x18:0x00:0x00:0x00:0x00:0x00:0x00:0x00:0x0c:0x00:0x00:0x00:0x00:0x00:0x00:0x14:0x00:0x00:0x00:0x00:0x00:0x00:0x08:0x00:0x00:0x00:0x10:0x00:0x00:0x00:0x00:0x00:0x03:0x14:0x00:0x00:0x00:0x00:0x00:0x04:0x98:0x00:0xc0:0x00:0x00:0x00:0x03:0x00:0x00:0xc0:0x00:0x00:0x01:0x80:0x00:0x00:0x00:0x00:0x00:0x01:0x80:0x00:0x00:0x00:0x00:0x00:0x00:0x00:0x00:0x00:0x00:0x00:0x00:0x00:0x00:0x00:0x00:0x00:0x00:0x00:0x00:0x00:0x00:0x00:0x00:0x00:0x00:0x00:0x00:0x00:0x00:0x00:0x00:0x00:0x00:0x00:0x00:0x00:0x00:0x00:0x00:0x00:0x00:0x00:0x00:0x00:0x00:0x00:0x00:0x00:0x0c:0x00:0x00:0x00:0x00:0x00:0x00:0x0c:0x00:0x00:0x00:0x00:0x00:0x00:0xc0:0x00:0x00:0x00:0x00:0x00:0x00:0xa0:0x00:0x00:0x00:0x00:0x00:0x00:0x20:0x00:0x00:0x00:0x00:0x00:0x00:0x30:0x00:0x00:0x00:0x00:0x06:0x00:0x00:0x00:0x00:0x00:0x00:0x06:0x00:0x00:0x00:0x00:0x00:0x00:0x00:0x00:0x00:0x00:0x00:0x00:0x00:0x00:0x00:0x00:0x00:0x00:0x00:0x00:0x18:0x00:0x00:0x00:0x00:0x00:0x00:0x18:0x00:0x00:0x00]
"Herschel transmitter",3,18,[0x03:0x00:0x00:0x05:0x00:0x00:0x1c:0x00:0x00:0x22:0x04:0x00:0x36:0x07:0x00:0x00:0x05:0x00:0x00:0x01:0x00:0x00:0x00:0x00:0x00:0x00:0x00:0xd0:0x00:0x00:0xb0:0x00:0x00:0x00:0x00:0x00:0x00:0x00:0x00:0x00:0x00:0x00:0x00:0x01:0x80:0x00:0x01:0x00:0x00:0x00:0xe0:0x00:0x00:0x20]
"Hertz oscillator",2,12,[0x1a:0x00:0x16:0x00:0x00:0x00:0x0e:0x00:0x15:0x60:0x11:0x60:0xd1:0x00:0xd1:0x00:0x0e:0x00:0x00:0x00:0x0d:0x00:0x0b:0x00]
"hexapole",2,9,[0xc0:0x00:0xa0:0x00:0x00:0x00:0x28:0x00:0x00:0x00:0x0a:0x00:0x00:0x00:0x02:0x80:0x01:0x80]
"H-heptomino",1,4,[0xc0:0x40:0x70:0x20]
"hivenudger",2,13,[0xf0:0x48:0x88:0x80:0x80:0x88:0x48:0xf0:0x00:0x00:0x06:0x00:0x06:0x00:0x06:0x00:0x00:0x00:0x48:0xf0:0x80:0x88:0x88:0x80:0xf0:0x48]
"honeycomb",1,5,[0x30:0x48:0xb4:0x48:0x30]
"honey farm",2,13,[0x02:0x00:0x05:0x00:0x05:0x00:0x02:0x00:0x00:0x00:0x60:0x30:0x90:0x48:0x60:0x30:0x00:0x00:0x02:0x00:0x05:0x00:0x05:0x00:0x02:0x00]
"hook with tail",1,4,[0xa0:0xd0:0x10:0x18]
"houndstooth agar",1,4,[0x70:0x40:0x20:0xe0]
"house",1,3,[0x70:0x88:0xd8]
"hustler",2,12,[0x06:0x00:0x06:0x00:0x00:0x00:0x1e:0x00:0xa1:0x00:0xd1:0x00:0x11:0x60:0x10:0xa0:0x0f:0x00:0x00:0x00:0x0c:0x00:0x0c:0x00]
"hustler II",2,13,[0x08:0x00:0x0e:0x00:0x01:0x00:0x02:0x60:0xb5:0x90:0xd4:0x10:0x04:0x20:0x08:0x2b:0x09:0xad:0x06:0x40:0x00:0x80:0x00:0x70:0x00:0x10]
"HW emulator",2,7,[0x01:0x80:0x34:0x2c:0x20:0x04:0x18:0x18:0xe7:0xe7:0x90:0x09:0x60:0x06]
"HWSS",1,5,[0x18:0x42:0x80:0x82:0xfc]
"HW volcano",5,19,[0x00:0x40:0x00:0x00:0x00:0x00:0xa0:0x00:0x00:0x00:0x03:0xa0:0x00:0x00:0x00:0x04:0x34:0x00:0x00:0x00:0x05:0x8c:0x0c:0x00:0x00:0x0d:0x60:0x0a:0x00:0x00:0x00:0x5f:0x02:0x58:0x00:0x2d:0xa0:0x86:0xb4:0x00:0x06:0x0f:0x00:0x84:0x00:0x8a:0x45:0x0d:0x7b:0x00:0x8a:0x6b:0x61:0x42:0x80:0x06:0x3b:0x5d:0x38:0x80:0x2d:0xb0:0x00:0x52:0xb0:0x00:0x10:0x2a:0x9a:0xa0:0x0d:0x58:0x1a:0xa2:0xa0:0x05:0xa4:0x05:0x9e:0xc0:0x04:0x28:0x04:0x60:0x00:0x0c:0x30:0x0c:0x48:0x00:0x00:0x00:0x00:0x18:0x00]
"I-heptomino",1,4,[0xc0:0x40:0x60:0x30]
"infinite growth",1,6,[0x02:0x0b:0x0a:0x08:0x20:0xa0]
"inline inverter",5,13,[0x00:0x00:0x80:0x00:0x00:0x00:0x00:0x40:0x00:0x00:0x00:0x01:0xc0:0x00:0x00:0x00:0x00:0x00:0x00:0x00:0x00:0x00:0x01:0x40:0x00:0x00:0x00:0x04:0x40:0x00:0x00:0x04:0x04:0x00:0x00:0x00:0x0f:0x08:0x40:0x30:0x00:0x1a:0x84:0x00:0x30:0xc0:0x3a:0x44:0x40:0x00:0xc0:0x1a:0x81:0x40:0x00:0x00:0x0f:0x00:0x00:0x00:0x00:0x04:0x00:0x00:0x00]
"integral sign",1,5,[0x18:0x28:0x20:0xa0:0xc0]
"interchange",2,7,[0x38:0x70:0x00:0x00:0x80:0x04:0x80:0x04:0x80:0x04:0x00:0x00:0x38:0x70]
"Iwona",3,21,[0x00:0x03:0x80:0x00:0x00:0x00:0x00:0x00:0x00:0x00:0x00:0x00:0x00:0x00:0x00:0x00:0x00:0x00:0x20:0x00:0x00:0x18:0x00:0x00:0x10:0x00:0x20:0x00:0x00:0x20:0x00:0x00:0x20:0x00:0x00:0x10:0x00:0x00:0x30:0x01:0x80:0x00:0x00:0x80:0x00:0x00:0x00:0x00:0x00:0x00:0x00:0x00:0x00:0x00:0x00:0x00:0x00:0xc0:0x00:0x00:0x40:0x00:0x00]
"jack",2,9,[0x10:0x40:0x18:0xc0:0x98:0xc8:0xe5:0x38:0x05:0x00:0xe5:0x38:0x98:0xc8:0x18:0xc0:0x10:0x40]
"jam",1,7,[0x18:0x24:0x94:0x88:0x80:0x10:0x60]
"Jolson",2,19,[0x60:0x60:0x90:0x90:0x90:0x90:0x90:0x90:0x60:0x60:0x00:0x00:0x00:0x00:0x01:0x00:0x04:0xb0:0x03:0x30:0x00:0x00:0x00:0x00:0x03:0xc0:0x07:0xe0:0x0f:0xf0:0x18:0x18:0x0f:0xf0:0x07:0xe0:0x03:0xc0]
"Justyna",3,17,[0x00:0x00:0x40:0x00:0x00:0x90:0x00:0x00:0x70:0x00:0x00:0x48:0x00:0x00:0x00:0xc0:0x00:0x20:0x40:0x00:0x20:0x00:0x00:0x20:0x00:0x00:0x00:0x00:0x00:0x00:0x00:0x00:0x00:0x00:0x00:0x00:0x00:0x00:0x00:0x00:0x00:0x00:0x00:0x00:0x00:0x00:0x00:0x1c:0x00:0x1c:0x00]
"kickback reaction",1,5,[0x04:0x03:0x66:0xa0:0x20]
"killer toads",2,7,[0x30:0x1c:0x84:0x38:0x02:0x00:0x82:0x00:0x7e:0x00:0x00:0x38:0x00:0x1c]
"Kok's galaxy",2,9,[0xfd:0x80:0xfd:0x80:0x01:0x80:0xc1:0x80:0xc1:0x80:0xc1:0x80:0xc0:0x00:0xdf:0x80:0xdf:0x80]
"lake",2,10,[0x0c:0x00:0x12:0x00:0x12:0x00:0x61:0x80:0x80:0x40:0x80:0x40:0x61:0x80:0x12:0x00:0x12:0x00:0x0c:0x00]
"Laputa",2,7,[0x1b:0x00:0x1a:0x30:0x00:0x90:0x7e:0xe0:0x94:0x00:0xc5:0x80:0x0d:0x80]
"Lidka",2,9,[0x00:0x38:0x00:0x20:0x00:0x22:0x00:0x12:0x00:0x0e:0x00:0x00:0x40:0x00:0xa0:0x00:0x40:0x00]
"LifeLine",0,0,[]
"light bulb",1,9,[0x68:0x58:0x00:0x38:0x44:0x44:0x28:0xaa:0xc6]
"lightspeed wire",8,11,[0x0c:0xcc:0xcc:0xcc:0xcc:0xcc:0xcc:0x00:0x0c:0xcc:0xcc:0xcc:0xcc:0xcc:0xcc:0x00:0x00:0x00:0x00:0x00:0x00:0x00:0x00:0x00:0x3f:0xff:0xff:0xff:0xff:0xff:0xff:0x00:0x40:0x80:0x00:0x00:0x00:0x00:0x00:0x80:0xbe:0x1f:0xff:0xff:0xff:0xff:0xff:0x40:0x41:0x00:0x00:0x00:0x00:0x00:0x00:0x80:0x3f:0xff:0xff:0xff:0xff:0xff:0xff:0x00:0x00:0x00:0x00:0x00:0x00:0x00:0x00:0x00:0x0c:0xcc:0xcc:0xcc:0xcc:0xcc:0xcc:0x00:0x0c:0xcc:0xcc:0xcc:0xcc:0xcc:0xcc:0x00]
"loading dock",2,8,[0x08:0x00:0x38:0x00:0x46:0x00:0xb1:0x00:0x46:0x80:0x31:0x00:0x0e:0x00:0x08:0x00]
"loaf",1,4,[0x60:0x90:0x50:0x20]
"loaflipflop",5,34,[0x00:0x00:0x80:0x00:0x00:0x00:0x01:0xc0:0x00:0x00:0x00:0x00:0x00:0x00:0x00:0x00:0x00:0x00:0x00:0x00:0x00:0x01:0xc0:0x00:0x00:0x00:0x00:0x00:0x00:0x00:0x00:0x01:0x40:0x00:0x00:0x00:0x01:0x40:0x00:0x00:0x00:0x00:0x00:0x00:0x00:0x00:0x01:0xc0:0x00:0x00:0x00:0x00:0x00:0x00:0x00:0x00:0x00:0x00:0x00:0x00:0x00:0x01:0xc0:0x00:0x00:0x00:0x00:0x80:0x00:0x00:0x00:0x00:0x00:0x00:0x00:0x4b:0x48:0x00:0x0c:0x00:0xc8:0x4c:0x60:0x21:0x00:0x4b:0x48:0x90:0x40:0x80:0x00:0x00:0xa0:0x80:0x40:0x00:0x00:0x40:0x80:0x40:0x00:0x00:0x00:0x80:0x40:0x00:0x00:0x00:0x40:0x80:0x00:0x00:0x00:0x21:0x00:0x00:0x00:0x00:0x0c:0x00:0x00:0x00:0x38:0x00:0x00:0x00:0x00:0x44:0x00:0x00:0x00:0x00:0x82:0x00:0x00:0x00:0x00:0x00:0x00:0x00:0x00:0x01:0x01:0x00:0x00:0x00:0x01:0x01:0x00:0x00:0x00:0x00:0x00:0x00:0x00:0x00:0x00:0x82:0x00:0x00:0x00:0x00:0x44:0x00:0x00:0x00:0x00:0x38:0x00:0x00]
"loaf siamese barge",1,5,[0x30:0x48:0xa8:0x50:0x20]
"long barge",1,5,[0x40:0xa0:0x50:0x28:0x10]
"long boat",1,4,[0x40:0xa0:0x50:0x30]
"long bookend",1,3,[0x18:0x88:0xf0]
"long canoe",1,6,[0x0c:0x04:0x08:0x10:0xa0:0xc0]
"long integral",1,6,[0x30:0x50:0x40:0x20:0xa0:0xc0]
"long long barge",1,6,[0x40:0xa0:0x50:0x28:0x14:0x08]
"long long boat",1,5,[0x40:0xa0:0x50:0x28:0x18]
"long long canoe",1,7,[0x06:0x02:0x04:0x08:0x10:0xa0:0xc0]
"long long ship",1,5,[0xc0:0xa0:0x50:0x28:0x18]
"long long snake",1,4,[0xc0:0xa0:0x14:0x0c]
"long shillelagh",1,3,[0xcc:0x94:0x60]
"long ship",1,4,[0xc0:0xa0:0x50:0x30]
"long snake",1,3,[0xc0:0xa8:0x18]
"loop",1,4,[0x60:0x90:0x50:0xd8]
"LW emulator",2,6,[0x34:0xb0:0x20:0x10:0x18:0x60:0xe7:0x9c:0x90:0x24:0x60:0x18]
"mango",1,4,[0x60:0x90:0x48:0x30]
"mathematician",2,11,[0x08:0x00:0x14:0x00:0x14:0x00:0x36:0x00:0x80:0x80:0xe3:0x80:0x00:0x00:0xff:0x80:0x80:0x80:0x1e:0x00:0x13:0x00]
"mazing",1,7,[0x18:0x50:0x82:0x46:0x00:0x14:0x08]
"metamorphosis",4,19,[0x00:0x00:0x10:0x00:0x00:0x00:0x08:0x00:0x00:0x00:0x38:0x00:0x00:0x00:0x00:0x00:0x00:0x00:0x00:0x00:0x00:0x00:0x00:0x00:0x00:0x00:0x00:0x00:0x00:0x00:0x00:0x00:0x00:0x08:0x82:0xc0:0xc0:0x10:0x42:0xa0:0xc0:0x10:0x04:0x20:0x00:0x18:0x82:0xa0:0x00:0x07:0x02:0xc0:0x00:0x00:0x00:0x00:0x00:0x07:0x00:0x00:0x00:0x18:0x80:0x00:0xc0:0x10:0x00:0x18:0xc0:0x10:0x40:0x18:0x00:0x08:0x80:0x00]
"metamorphosis II",3,30,[0x00:0x00:0x02:0x00:0x00:0x04:0x00:0x00:0x07:0x00:0x00:0x00:0x00:0x00:0x00:0x00:0x50:0x00:0x00:0x48:0x00:0xc0:0x0c:0x00:0xc0:0x23:0x00:0x06:0x0c:0x00:0x08:0x48:0x00:0x00:0x50:0x00:0x00:0x00:0x00:0x00:0x00:0x00:0x00:0x00:0x00:0x00:0x00:0x00:0x00:0x00:0x80:0x00:0x01:0xc0:0x00:0x03:0xe0:0x00:0x05:0x50:0x00:0x06:0x30:0x00:0x00:0x00:0x00:0x00:0x00:0x00:0x00:0x80:0x00:0x01:0x40:0x00:0x01:0x40:0x00:0x00:0x80:0x00:0x01:0x80:0x00:0x01:0x80:0x00:0x01:0x80]
"Mickey Mouse",2,7,[0x61:0x80:0x92:0x40:0x9e:0x40:0x61:0x80:0x1e:0x00:0x12:0x00:0x0c:0x00]
"mini pressure cooker",2,10,[0x04:0x00:0x0a:0x00:0x0a:0x00:0x1b:0x00:0xa0:0xa0:0xd5:0x60:0x11:0x00:0x15:0x00:0x0a:0x00:0x04:0x00]
"mold",1,6,[0x18:0x24:0x94:0x08:0xb0:0x40]
"monogram",1,5,[0xc6:0x54:0x6c:0x54:0xc6]
"moose antlers",2,5,[0xc1:0x80:0x80:0x80:0x77:0x00:0x14:0x00:0x08:0x00]
"multum in parvo",1,4,[0x1c:0x24:0x40:0x80]
"muttering moat",1,7,[0xc0:0xac:0x04:0x48:0x20:0x2a:0x06]
"MW emulator",2,7,[0x01:0x00:0x34:0x58:0x20:0x08:0x18:0x30:0xe7:0xce:0x90:0x12:0x60:0x0c]
"MWSS",1,5,[0x10:0x44:0x80:0x84:0xf8]
"MWSS out of the blue",5,41,[0x90:0x00:0x00:0x00:0x00:0x08:0x00:0x00:0x00:0x00:0x88:0x00:0x00:0x00:0x00:0x78:0x00:0x00:0x00:0x00:0x00:0x00:0x00:0x00:0x00:0x00:0x00:0x00:0x00:0x00:0x00:0x00:0x00:0x00:0x00:0x00:0x00:0x00:0x00:0x00:0x00:0x00:0x00:0x00:0x00:0x00:0x00:0x18:0x00:0x18:0x00:0x00:0x30:0x00:0x18:0x00:0x00:0x1f:0x00:0x00:0x30:0x00:0x0f:0x00:0x00:0x30:0x40:0x00:0x00:0x00:0x00:0xe0:0x0f:0x00:0x00:0x01:0x50:0x1f:0x00:0x00:0x00:0x90:0x30:0x00:0x18:0x00:0xe0:0x18:0x00:0x18:0x00:0x40:0x00:0x00:0x00:0x00:0x00:0x00:0x00:0x00:0x00:0x00:0x00:0x00:0x00:0x00:0x00:0x00:0x00:0x00:0x00:0x00:0x00:0x00:0x00:0x20:0x20:0x00:0x00:0x00:0x00:0x00:0x00:0x00:0x00:0xe0:0x38:0x00:0x00:0x00:0x6d:0xb0:0x00:0x00:0x00:0x38:0xe0:0x00:0x00:0x00:0x10:0x40:0x00:0x00:0x00:0x00:0x00:0x00:0x00:0x00:0x00:0x00:0x00:0x00:0x00:0x00:0x00:0x00:0x00:0x00:0x00:0x00:0x00:0x00:0x00:0x00:0x00:0x00:0x00:0x00:0x00:0x00:0x00:0x00:0x00:0x00:0x00:0x00:0x00:0x00:0x00:0x00:0x00:0x00:0x00:0x00:0x00:0x00:0x00:0x00:0x00:0x00:0x00:0x00:0x00:0x30:0x60:0x00:0x00:0x00:0x30:0x60:0x00:0x00:0x00]
"MW volcano",2,13,[0x02:0x00:0x08:0x80:0x00:0x00:0x10:0x40:0x77:0x70:0x8d:0x88:0xba:0xf0:0x40:0x00:0x15:0x68:0x37:0x58:0x14:0x80:0x13:0x00:0x30:0x00]
"negentropy",2,12,[0x1a:0x00:0x16:0x00:0x00:0x00:0x0e:0x00:0x15:0x60:0x19:0x60:0xd1:0x00:0xd1:0x00:0x0e:0x00:0x00:0x00:0x0d:0x00:0x0b:0x00]
"new five",2,9,[0x30:0x00:0x48:0x00:0x52:0x00:0xd6:0x00:0x80:0x00:0x77:0x80:0x04:0x80:0xb0:0x00:0xd8:0x00]
"new gun",5,34,[0x00:0x00:0x00:0x60:0xc0:0x00:0x00:0x00:0x60:0xc0:0x00:0x00:0x00:0x00:0x00:0x00:0x00:0x00:0x00:0x00:0x00:0x00:0x00:0x00:0x00:0x00:0x00:0x00:0x00:0x00:0x00:0x00:0x00:0x00:0x00:0x00:0x00:0x00:0x00:0x00:0x00:0x00:0x00:0x00:0x00:0x00:0x00:0x00:0x00:0x00:0x00:0x00:0x00:0x00:0x00:0x00:0x00:0x00:0x00:0x00:0x00:0x00:0x00:0x00:0x00:0x00:0x00:0x00:0x1b:0x00:0x00:0x00:0x00:0x20:0x80:0x00:0x00:0x00:0x00:0x00:0x00:0x00:0x00:0x40:0x40:0x00:0x00:0x00:0x4a:0x40:0x00:0x00:0x00:0x71:0xc0:0x00:0x00:0x00:0x00:0x00:0x00:0x00:0x00:0x00:0x00:0x00:0x00:0x00:0x00:0x00:0x00:0x00:0x00:0x00:0x00:0x00:0x00:0x40:0x00:0x00:0xc0:0x00:0x60:0x00:0x00:0xc0:0x00:0x30:0x00:0x00:0x00:0x06:0x60:0x00:0x00:0x00:0x00:0x00:0x00:0x00:0x00:0x00:0x00:0x00:0x00:0x00:0x00:0x00:0x00:0x00:0x00:0x06:0x60:0x00:0x00:0xc0:0x00:0x30:0x18:0x00:0xc0:0x00:0x60:0x18:0x00:0x00:0x00:0x40:0x00:0x00]
"Noah's ark",2,15,[0x00:0x28:0x00:0x40:0x00:0x24:0x00:0x0e:0x00:0x00:0x00:0x00:0x00:0x00:0x00:0x00:0x00:0x00:0x40:0x00:0xa0:0x00:0x00:0x00:0x90:0x00:0x30:0x00:0x10:0x00]
"non-monotonic",3,11,[0x00:0x34:0x00:0x03:0xae:0x00:0x28:0x01:0x18:0xc3:0x04:0x78:0x2c:0x87:0x40:0x00:0x84:0x00:0x2c:0x87:0x40:0xc3:0x04:0x78:0x28:0x01:0x18:0x03:0xae:0x00:0x00:0x34:0x00]
"octagon II",1,8,[0x18:0x24:0x42:0x81:0x81:0x42:0x24:0x18]
"octagon IV",2,16,[0x01:0x80:0x01:0x80:0x00:0x00:0x03:0xc0:0x04:0x20:0x08:0x10:0x10:0x08:0xd0:0x0b:0xd0:0x0b:0x10:0x08:0x08:0x10:0x04:0x20:0x03:0xc0:0x00:0x00:0x01:0x80:0x01:0x80]
"octomino",1,4,[0x30:0x30:0xe0:0x40]
"odd keys",2,5,[0x00:0x20:0x40:0x50:0xb9:0xa0:0x49:0x00:0x09:0x00]
"onion rings",2,12,[0x03:0xf0:0x7a:0x10:0x4a:0xd0:0x4a:0xd0:0x7a:0x10:0x03:0xf0:0xfc:0x00:0x85:0xe0:0xb5:0x20:0xb5:0x20:0x85:0xe0:0xfc:0x00]
"O-pentomino",1,1,[0xf8]
"Orion",2,15,[0x18:0x00:0x14:0x00:0x10:0x00:0xd0:0x00:0x84:0x00:0xb0:0x38:0x07:0x0c:0x03:0xa8:0x00:0x04:0x02:0x80:0x06:0x80:0x02:0x00:0x0d:0x00:0x01:0x00:0x06:0x00]
"p54 shuttle",4,17,[0xc0:0x00:0x00:0x18:0x40:0x00:0x00:0x10:0x50:0x10:0x00:0x50:0x30:0x48:0x20:0x60:0x00:0x08:0x30:0x00:0x00:0x80:0x18:0x00:0x00:0x8c:0x30:0x00:0x00:0x7c:0x00:0x00:0x00:0x00:0x00:0x00:0x00:0x7c:0x00:0x00:0x00:0x8c:0x30:0x00:0x00:0x80:0x18:0x00:0x00:0x08:0x30:0x00:0x30:0x48:0x20:0x60:0x50:0x10:0x00:0x50:0x40:0x00:0x00:0x10:0xc0:0x00:0x00:0x18]
"p6 shuttle",2,14,[0x80:0x00:0xe0:0x00:0x10:0x00:0x30:0x00:0x00:0x00:0x02:0x00:0x07:0x80:0x02:0x40:0x01:0xc0:0x00:0x00:0x00:0x30:0x00:0x20:0x00:0x1c:0x00:0x04]
"paperclip",1,6,[0x30:0x48:0x58:0xd0:0x90:0x60]
"pedestle",2,17,[0x04:0x00:0x0a:0x00:0x4c:0x00:0x70:0x00:0x07:0x00:0x18:0x80:0x21:0x20:0x55:0x60:0x51:0x40:0xd5:0x40:0x90:0x80:0x23:0x00:0x1c:0x00:0x01:0xc0:0x06:0x40:0x0a:0x00:0x04:0x00]
"penny lane",2,10,[0x18:0x30:0x10:0x10:0xd0:0x16:0xd7:0xd6:0x09:0x20:0x07:0xc0:0x00:0x00:0x01:0x00:0x02:0x80:0x01:0x00]
"pentadecathlon",2,3,[0x21:0x00:0xde:0xc0:0x21:0x00]
"pentant",2,12,[0xc0:0x00:0x40:0x00:0x50:0x00:0x30:0xc0:0x00:0x40:0x07:0x80:0x04:0x00:0x23:0x80:0x3c:0x80:0x04:0x00:0x08:0x00:0x0c:0x00]
"pentapole",1,8,[0xc0:0xa0:0x00:0x28:0x00:0x0a:0x01:0x03]
"pentoad",2,12,[0x00:0x18:0x00:0x10:0x00:0x50:0x00:0x60:0x06:0x00:0x02:0x00:0x02:0x00:0x03:0x00:0x30:0x00:0x50:0x00:0x40:0x00:0xc0:0x00]
"phase change",2,11,[0x00:0x20:0x00:0x58:0x30:0x04:0x20:0x4a:0x01:0x12:0xfd:0x0c:0x80:0x00:0x6c:0x60:0x28:0x50:0x28:0x10:0x10:0x18]
"phi",1,4,[0x70:0x88:0x88:0x70]
"phoenix",1,8,[0x08:0x28:0x02:0xc0:0x03:0x40:0x14:0x10]
"pi-heptomino",1,3,[0xe0:0xa0:0xa0]
"pinwheel",2,12,[0x03:0x00:0x03:0x00:0x00:0x00:0x0f:0x00:0xd0:0x80:0xd2:0x80:0x11:0xb0:0x14:0xb0:0x0f:0x00:0x00:0x00:0x0c:0x00:0x0c:0x00]
"pi orbital",8,59,[0x00:0x03:0x0c:0x30:0x00:0x00:0x00:0x00:0x00:0x04:0xa1:0x48:0x00:0x00:0x00:0x00:0x00:0x07:0x00:0x38:0x00:0x00:0x00:0x00:0x00:0x00:0xc0:0xc0:0x00:0x00:0x00:0x00:0x00:0x01:0x3f:0x20:0x00:0x00:0x00:0x00:0x00:0x01:0x80:0x60:0x00:0x00:0x00:0x00:0x00:0x00:0x00:0x00:0x00:0x00:0x00:0x00:0x00:0x80:0x00:0x00:0x03:0x00:0x20:0x00:0x01:0x1c:0x08:0x02:0x03:0x00:0x50:0x00:0x00:0xbe:0x00:0x71:0x00:0x00:0x00:0x00:0x00:0x08:0x82:0xfa:0x00:0x00:0x40:0x00:0x00:0x0c:0x38:0x20:0x00:0x00:0x60:0x00:0x00:0x0c:0x38:0x60:0x00:0x03:0xe0:0x00:0x00:0x00:0x10:0x60:0x00:0x03:0x60:0xc0:0x00:0x00:0x00:0x00:0x00:0x00:0x40:0xa0:0x00:0x00:0x00:0x00:0x00:0x00:0x06:0xa0:0x00:0x00:0x00:0x00:0x00:0x00:0x05:0x40:0x00:0x00:0x00:0x00:0x00:0x00:0x01:0x00:0x00:0x00:0x00:0x00:0x1c:0x01:0x44:0x80:0x01:0x80:0x00:0x00:0x12:0x01:0x20:0x80:0x01:0x80:0x00:0x00:0x01:0x01:0x48:0x80:0x00:0x00:0x00:0x00:0x12:0x00:0x08:0x80:0x00:0x00:0x00:0x00:0x1c:0x00:0x00:0x80:0x00:0x00:0x00:0x00:0x00:0x00:0x04:0x80:0x00:0x00:0x00:0x00:0x00:0x00:0x81:0x00:0x00:0x00:0x00:0x00:0x00:0x06:0xc5:0x40:0x00:0x00:0x00:0x00:0x00:0x07:0xc6:0xa0:0x00:0x40:0x00:0x00:0x00:0x00:0xc0:0xa0:0x00:0xa0:0x00:0x00:0x00:0x00:0x80:0xc0:0x00:0x00:0x00:0x00:0x00:0x00:0x00:0x00:0x60:0x20:0x00:0x00:0x00:0x00:0xa0:0x00:0xa0:0x60:0x00:0x00:0x00:0x00:0x40:0x00:0xac:0x7c:0x00:0x00:0x00:0x00:0x00:0x00:0x54:0x6c:0x00:0x00:0x00:0x00:0x00:0x00:0x10:0x20:0x00:0x00:0x00:0x00:0x00:0x00:0x24:0x00:0x00:0x00:0x00:0x00:0x00:0x00:0x20:0x00:0x00:0x00:0x00:0x00:0x00:0x00:0x22:0x00:0x00:0x00:0x00:0x00:0x00:0x00:0x22:0x50:0x00:0x00:0x00:0x00:0x30:0x00:0x20:0x90:0x00:0x00:0x00:0x00:0x30:0x00:0x24:0x50:0x00:0x00:0x00:0x00:0x00:0x00:0x10:0x00:0x00:0x00:0x00:0x00:0x00:0x00:0x54:0x00:0x00:0x00:0x00:0x00:0x00:0x00:0xac:0x00:0x00:0x00:0x00:0x00:0x00:0x00:0xa0:0x40:0x00:0x00:0x00:0x00:0x00:0x00:0x60:0xd8:0x00:0x00:0xc1:0x00:0x00:0x00:0x00:0xf8:0x00:0x00:0xc3:0x86:0x00:0x00:0x00:0xc0:0x00:0x00:0x83:0x86:0x00:0x00:0x00:0x40:0x00:0x0b:0xe8:0x22:0x00:0x00:0x00:0x00:0x00:0x11:0xc0:0x0f:0xa0:0x00:0x01:0x40:0x18:0x08:0x02:0x07:0x10:0x00:0x00:0x80:0x18:0x00:0x00:0x00:0x20:0x00:0x00:0x00:0x00:0x00:0x00:0x00:0x00:0x00:0x00:0x00:0x00:0x00:0xc0:0x30:0x00:0x00:0x00:0x00:0x00:0x00:0x9f:0x90:0x00:0x00:0x00:0x00:0x00:0x00:0x60:0x60:0x00:0x00:0x00:0x00:0x00:0x03:0x80:0x1c:0x00:0x00:0x00:0x00:0x00:0x02:0x50:0xa4:0x00:0x00:0x00:0x00:0x00:0x01:0x86:0x18:0x00:0x00]
"pi portraitor",3,24,[0x00:0x18:0x00:0x03:0x42:0xc0:0x02:0x00:0x40:0x01:0x81:0x80:0x0e:0x7e:0x70:0x09:0x00:0x90:0x6a:0x00:0x56:0x54:0x00:0x2a:0x10:0x00:0x08:0x48:0x00:0x12:0x08:0x0e:0x10:0x88:0x0a:0x11:0x88:0x0a:0x11:0x08:0x00:0x10:0x48:0x00:0x12:0x10:0x00:0x08:0x54:0x00:0x2a:0x6a:0x00:0x56:0x09:0x00:0x90:0x0e:0x7e:0x70:0x01:0x81:0x80:0x02:0x00:0x40:0x03:0x42:0xc0:0x00:0x18:0x00]
"pipsquirter",2,14,[0x04:0x00:0x04:0x00:0x00:0x00:0x11:0x00:0x75:0xc0:0x8c:0x20:0xb3:0x50:0x4c:0xd0:0x33:0x56:0x09:0x56:0x0f:0x60:0x00:0x80:0x02:0x80:0x03:0x00]
"pi ship",4,4,[0x00:0x08:0x00:0x00:0x00:0x14:0x00:0x00:0xc0:0x36:0x01:0x80:0xc0:0x00:0x01:0x80]
"piston",2,5,[0xc0:0x60:0xa4:0xa0:0x3c:0x80:0xa4:0xa0:0xc0:0x60]
"pi wave",8,3,[0xe0:0x00:0x38:0x00:0x0e:0x00:0x03:0x80:0xa0:0x00:0x28:0x00:0x0a:0x00:0x02:0x80:0xa0:0x00:0x28:0x00:0x0a:0x00:0x02:0x80]
"pond",1,4,[0x60:0x90:0x90:0x60]
"pond on pond",2,4,[0x63:0x00:0x94:0x80:0x94:0x80:0x63:0x00]
"popover",4,32,[0x00:0x00:0x04:0x00:0x00:0x00:0x04:0x00:0x00:0x00:0x07:0x00:0x00:0x06:0x03:0x00:0x00:0x06:0x73:0x00:0x00:0x00:0x1c:0x00:0x00:0x00:0x1c:0x00:0x00:0x03:0x00:0x00:0x38:0x04:0x80:0x00:0x38:0x05:0x00:0x00:0xe6:0x22:0x1c:0x00:0x06:0x20:0x00:0x00:0x0e:0x20:0x00:0x00:0x08:0x00:0x03:0x18:0x08:0x00:0xe4:0x98:0x00:0x80:0xa2:0x80:0x01:0x40:0xa1:0x00:0x19:0x20:0x00:0x10:0x18:0xc0:0x00:0x10:0x00:0x00:0x04:0x70:0x00:0x00:0x04:0x60:0x00:0x38:0x04:0x67:0x00:0x00:0x60:0x1c:0x00:0x00:0x90:0x1c:0x00:0x00:0xa0:0x00:0x00:0x38:0x40:0x00:0x00:0x38:0x00:0x00:0x00:0xce:0x60:0x00:0x00:0xc0:0x60:0x00:0x00:0xe0:0x00:0x00:0x00:0x20:0x00:0x00:0x00:0x20:0x00:0x00]
"P-pentomino",1,3,[0xc0:0xc0:0x80]
"pre-beehive",1,2,[0xe0:0xe0]
"pre-block",1,2,[0x80:0xc0]
"pre-pulsar",2,3,[0xe3:0x80:0xa2:0x80:0xe3:0x80]
"pressure cooker",2,12,[0x04:0x00:0x0a:0x00:0x0a:0x00:0x1b:0x00:0xa0:0xa0:0xd5:0x60:0x11:0x00:0x11:0x00:0x0e:0x00:0x00:0x00:0x16:0x00:0x1a:0x00]
"protein",2,13,[0x0c:0x00:0x08:0x00:0x02:0x00:0x3d:0x60:0x41:0x48:0x4d:0x58:0xd0:0x40:0x13:0x40:0x10:0x80:0x0f:0x00:0x00:0x00:0x0c:0x00:0x0c:0x00]
"pseudo-barberpole",2,12,[0x00:0x30:0x00:0x10:0x00:0x40:0x01:0x40:0x00:0x00:0x05:0x00:0x00:0x00:0x14:0x00:0x00:0x00:0x30:0x00:0x80:0x00:0xc0:0x00]
"pseudo still life",0,0,[]
"puffer",4,7,[0x70:0x20:0x81:0xc0:0x90:0x71:0xc1:0x20:0x10:0xd1:0x61:0x00:0x10:0x00:0x01:0x00:0x12:0x00:0x09:0x00:0x13:0x00:0x19:0x00:0x23:0x00:0x18:0x80]
"puffer train",3,5,[0x70:0x01:0xc0:0x90:0x02:0x40:0x10:0xe0:0x40:0x10:0x90:0x40:0x21:0x00:0x80]
"puff suppressor",5,25,[0x00:0x08:0x00:0x00:0x00:0x00:0x34:0x00:0x00:0x00:0x00:0x31:0x00:0x00:0x00:0x00:0x8d:0x04:0x00:0x00:0x00:0xf6:0x3c:0x05:0x00:0x02:0x04:0x38:0x29:0x00:0x03:0xf8:0x88:0x48:0x00:0x14:0x0c:0x8a:0xc2:0x00:0x3f:0xe0:0x98:0x04:0x00:0x60:0x00:0x5b:0xc4:0x80:0xc3:0x40:0x08:0x94:0x00:0x61:0x00:0xe0:0x54:0x80:0x00:0x40:0xc0:0x86:0x00:0x61:0x00:0xe0:0x54:0x80:0xc3:0x40:0x08:0x94:0x00:0x60:0x00:0x5b:0xc4:0x80:0x3f:0xe0:0x98:0x04:0x00:0x14:0x0c:0x8a:0xc2:0x00:0x03:0xf8:0x88:0x48:0x00:0x02:0x04:0x38:0x29:0x00:0x00:0xf6:0x3c:0x05:0x00:0x00:0x8d:0x04:0x00:0x00:0x00:0x31:0x00:0x00:0x00:0x00:0x34:0x00:0x00:0x00:0x00:0x08:0x00:0x00:0x00]
"pulsar",2,13,[0x38:0xe0:0x00:0x00:0x85:0x08:0x85:0x08:0x85:0x08:0x38:0xe0:0x00:0x00:0x38:0xe0:0x85:0x08:0x85:0x08:0x85:0x08:0x00:0x00:0x38:0xe0]
"pulsar quadrant",1,8,[0x04:0x1c:0x23:0x92:0x8a:0x84:0x00:0x38]
"pulse divider",4,25,[0x06:0x00:0x00:0x00:0x06:0x00:0x00:0x00:0x00:0x00:0x00:0x00:0x00:0x00:0x30:0x00:0x00:0x00:0x48:0x00:0x00:0x00:0x52:0x40:0x80:0x00:0xd7:0xc0:0x60:0x02:0x30:0x00:0xc0:0x00:0x67:0x00:0x00:0x04:0x52:0x80:0x00:0xc0:0x66:0x80:0x00:0xc2:0x31:0x00:0x00:0x00:0xd6:0x00:0x00:0x00:0x54:0x00:0x00:0x00:0x52:0x00:0x00:0x00:0x26:0x00:0x30:0x00:0x00:0x00:0x10:0x00:0x00:0x00:0xe0:0x00:0x00:0x00:0x80:0x00:0x00:0x00:0x00:0x00:0x00:0x00:0x00:0x0c:0x00:0x00:0x00:0x08:0x00:0x00:0x00:0x07:0x00:0x00:0x00:0x01:0x00:0x00]
"pulshuttle V",6,29,[0x00:0x04:0x00:0x08:0x00:0x00:0x00:0x0a:0x02:0x14:0x00:0x00:0x00:0x04:0x0d:0x88:0x00:0x00:0x00:0x00:0x02:0x00:0x00:0x00:0x30:0x30:0x00:0x03:0x03:0x00:0x84:0x84:0x00:0x08:0x48:0x40:0x84:0x84:0x00:0x08:0x48:0x40:0x84:0x84:0x02:0x08:0x48:0x40:0x30:0x30:0x0d:0x83:0x03:0x00:0x00:0x00:0x02:0x00:0x00:0x00:0x00:0x00:0x00:0x00:0x00:0x00:0x00:0x00:0x00:0x00:0x00:0x00:0x30:0x30:0x00:0x03:0x03:0x00:0x84:0x84:0x02:0x08:0x48:0x40:0x84:0x84:0x0d:0x88:0x48:0x40:0x84:0x84:0x02:0x08:0x48:0x40:0x30:0x30:0x00:0x03:0x03:0x00:0x00:0x00:0x00:0x00:0x00:0x00:0x00:0x00:0x00:0x00:0x00:0x00:0x00:0x00:0x02:0x00:0x00:0x00:0x30:0x30:0x0d:0x83:0x03:0x00:0x84:0x84:0x02:0x08:0x48:0x40:0x84:0x84:0x00:0x08:0x48:0x40:0x84:0x84:0x00:0x08:0x48:0x40:0x30:0x30:0x00:0x03:0x03:0x00:0x00:0x00:0x02:0x00:0x00:0x00:0x00:0x04:0x0d:0x88:0x00:0x00:0x00:0x0a:0x02:0x14:0x00:0x00:0x00:0x04:0x00:0x08:0x00:0x00]
"pure glider generator",2,9,[0x20:0x00:0x20:0x00:0xe0:0x00:0x00:0x00:0x03:0x80:0x01:0x00:0x00:0x0e:0x00:0x08:0x00:0x08]
"pushalong",2,13,[0x3a:0x00:0x7a:0x00:0xc0:0x00:0x50:0x00:0x3d:0x00:0x1c:0x00:0x00:0x00:0x00:0x00:0x03:0xe0:0x02:0x10:0x02:0x00:0x01:0x10:0x00:0x40]
"pyrotechnecium",2,10,[0x01:0x00:0x07:0xc0:0x08:0x20:0x4a:0xd0:0xaa:0x12:0x48:0x55:0x0b:0x52:0x04:0x10:0x03:0xe0:0x00:0x80]
"Q-pentomino",1,2,[0xf0:0x10]
"quad",1,6,[0xcc:0x94:0x40:0x08:0xa4:0xcc]
"quadpole",1,7,[0xc0:0xa0:0x00:0x28:0x00:0x0a:0x06]
"quarter",2,12,[0x00:0xc0:0x01:0x80:0x00:0x40:0x00:0x18:0x00:0x20:0x00:0x00:0x00:0x48:0x60:0xc0:0xc1:0x00:0x21:0x40:0x0c:0x80:0x0c:0x00]
"quasar",4,29,[0x00:0x38:0xe0:0x00:0x00:0x00:0x00:0x00:0x00:0x85:0x08:0x00:0x00:0x85:0x08:0x00:0x00:0x85:0x08:0x00:0x00:0x38:0xe0:0x00:0x00:0x00:0x00:0x00:0x00:0xe0:0x38:0x00:0x39:0x08:0x84:0xe0:0x01:0x08:0x84:0x00:0x85:0x08:0x85:0x08:0x84:0x00:0x01:0x08:0x84:0xe0:0x39:0x08:0x38:0x00:0x00:0xe0:0x00:0x00:0x00:0x00:0x38:0x00:0x00:0xe0:0x84:0xe0:0x39:0x08:0x84:0x00:0x01:0x08:0x85:0x08:0x85:0x08:0x01:0x08:0x84:0x00:0x39:0x08:0x84:0xe0:0x00:0xe0:0x38:0x00:0x00:0x00:0x00:0x00:0x00:0x38:0xe0:0x00:0x00:0x85:0x08:0x00:0x00:0x85:0x08:0x00:0x00:0x85:0x08:0x00:0x00:0x00:0x00:0x00:0x00:0x38:0xe0:0x00]
"queen bee shuttle",3,9,[0x00:0x40:0x00:0x01:0x40:0x00:0x02:0x80:0x00:0xc4:0x80:0x00:0xc2:0x80:0x00:0x01:0x40:0x30:0x00:0x40:0x28:0x00:0x00:0x08:0x00:0x00:0x0c]
"R2D2",2,10,[0x04:0x00:0x0a:0x00:0x15:0x00:0x15:0x00:0xd1:0x60:0xd1:0x60:0x11:0x00:0x15:0x00:0x0a:0x00:0x04:0x00]
"rabbits",1,3,[0x8e:0xe4:0x40]
"$rats",2,11,[0x06:0x00:0x02:0x00:0x08:0x00:0xd7:0x80:0xd0:0x50:0x13:0xb0:0x10:0x80:0x0e:0x80:0x01:0x00:0x02:0x00:0x03:0x00]
"reflector",3,14,[0x03:0x06:0x00:0xa3:0x04:0x00:0x60:0x14:0x00:0x40:0x18:0x00:0x01:0x80:0x00:0x01:0x40:0x00:0x00:0x80:0x00:0x00:0x00:0x00:0x00:0x1c:0x00:0x00:0x1c:0x00:0x00:0x1c:0x00:0x00:0x03:0x80:0x00:0x03:0x80:0x00:0x03:0x80]
"relay",5,7,[0x00:0x00:0x00:0x10:0x80:0x00:0x00:0xc0:0x6f:0x60:0x00:0x00:0x60:0x10:0x80:0x00:0x00:0x80:0x00:0x00:0x21:0x00:0x00:0x00:0x00:0xde:0xc0:0x00:0x00:0x00:0x21:0x00:0x00:0x00:0x00]
"rephaser",1,7,[0x24:0xa5:0x66:0x00:0x00:0x18:0x18]
"reverse fuse",2,13,[0x00:0x06:0x00:0x0a:0x00:0x10:0x00:0x20:0x00:0x40:0x00:0x80:0x01:0x00:0x02:0x00:0x04:0x00:0x08:0x00:0x10:0x00:0x20:0x00:0xc0:0x00]
"revolver",2,8,[0x80:0x04:0xe1:0x1c:0x15:0x20:0x20:0x50:0x28:0x10:0x12:0xa0:0xe2:0x1c:0x80:0x04]
"ring of fire",5,30,[0x00:0x00:0x80:0x00:0x00:0x00:0x02:0xa0:0x00:0x00:0x00:0x0a:0xa8:0x00:0x00:0x00:0x2a:0xaa:0x00:0x00:0x00:0xa9:0xaa:0x80:0x00:0x02:0xa8:0x12:0xa0:0x00:0x0a:0x90:0x02:0xa8:0x00:0x06:0x80:0x01:0x2a:0x00:0x11:0x00:0x00:0x2c:0x00:0x0e:0x00:0x00:0x11:0x00:0x20:0x00:0x00:0x0e:0x00:0x18:0x00:0x00:0x00:0x80:0x44:0x00:0x00:0x03:0x00:0x3c:0x00:0x00:0x04:0x40:0x80:0x00:0x00:0x03:0x80:0x70:0x00:0x00:0x00:0x40:0x88:0x00:0x00:0x0f:0x00:0x30:0x00:0x00:0x08:0x80:0x40:0x00:0x00:0x06:0x00:0x1c:0x00:0x00:0x01:0x00:0x22:0x00:0x00:0x1c:0x00:0x0d:0x00:0x00:0x22:0x00:0x15:0x20:0x00:0x58:0x00:0x05:0x50:0x02:0x54:0x00:0x01:0x52:0x05:0x50:0x00:0x00:0x55:0x65:0x40:0x00:0x00:0x15:0x55:0x00:0x00:0x00:0x05:0x54:0x00:0x00:0x00:0x01:0x50:0x00:0x00:0x00:0x00:0x40:0x00:0x00]
"roteightor",2,14,[0x40:0x00:0x70:0x0c:0x08:0x08:0x18:0x28:0x00:0x30:0x00:0x00:0x07:0x00:0x04:0x80:0x04:0x00:0x32:0x20:0x50:0x20:0x40:0x40:0xc0:0x38:0x00:0x08]
"R-pentomino",1,3,[0x60:0xc0:0x40]
"rumbling river",7,12,[0x00:0x03:0x03:0x03:0x16:0x00:0x00:0x08:0x04:0x84:0x84:0x9a:0x00:0x00:0x94:0x23:0x23:0x22:0x82:0xc0:0x00:0xf4:0xfc:0xfc:0xfc:0xfd:0x40:0x00:0x05:0x05:0x05:0x05:0x05:0x03:0x00:0x35:0x51:0x51:0x51:0x51:0x41:0x00:0x41:0x45:0x45:0x45:0x45:0x56:0x00:0x60:0x50:0x50:0x50:0x50:0x50:0x00:0x01:0x5f:0x9f:0x9f:0x9f:0x97:0x80:0x01:0xa0:0xa2:0x62:0x62:0x14:0x80:0x00:0x2c:0x90:0x90:0x90:0x08:0x00:0x00:0x34:0x60:0x60:0x60:0x00:0x00]
"sailboat",4,27,[0x00:0x80:0x08:0x00:0x01:0x40:0x14:0x00:0x00:0x80:0x08:0x00:0x00:0x00:0x00:0x00:0x03:0xe0:0x3e:0x00:0x04:0x20:0x21:0x00:0x09:0x00:0x04:0x80:0x4b:0x00:0x06:0x90:0xa8:0x20:0x20:0xa8:0x48:0x50:0x50:0x90:0x0c:0x90:0x49:0x80:0x00:0x60:0x30:0x00:0x00:0x06:0x00:0x00:0x00:0x05:0x00:0x00:0x00:0x92:0x00:0x00:0x01:0x00:0x00:0x00:0x06:0x00:0x70:0x00:0x20:0x68:0x70:0x00:0x04:0x48:0x70:0x00:0x07:0x44:0x0e:0x00:0x20:0x02:0x0e:0x00:0x11:0x70:0x0e:0x00:0x09:0x10:0x00:0x00:0x0b:0x02:0x00:0x00:0x00:0x30:0x00:0x00:0x00:0x40:0x00:0x00:0x04:0x80:0x00:0x00]
"Schick engine",3,9,[0xf0:0x00:0x00:0x88:0x02:0x00:0x80:0x0c:0x00:0x49:0x83:0x80:0x03:0x81:0xc0:0x49:0x83:0x80:0x80:0x0c:0x00:0x88:0x02:0x00:0xf0:0x00:0x00]
"scorpion",1,6,[0x10:0x70:0x8c:0xaa:0x6a:0x04]
"scrubber",2,11,[0x08:0x00:0x38:0x00:0x40:0x00:0x4e:0x00:0xd1:0x00:0x11:0x00:0x11:0x60:0x0e:0x40:0x00:0x40:0x03:0x80:0x02:0x00]
"seal",5,35,[0x13:0x00:0x00:0x00:0x00:0x75:0x40:0x00:0x00:0x00:0x4e:0x60:0x00:0x00:0x00:0x9f:0xae:0x00:0x00:0x00:0x4e:0xbe:0x00:0x00:0x00:0x02:0xa8:0x00:0x00:0x00:0xa2:0xbe:0x00:0x00:0x00:0x94:0xb1:0x00:0x00:0x00:0x13:0x01:0xc0:0x00:0x00:0x47:0xdc:0xc0:0x00:0x00:0x08:0x02:0x00:0x00:0x00:0x28:0x02:0x00:0x00:0x00:0x0d:0xf1:0x00:0x00:0x00:0x02:0xe4:0x18:0x00:0x00:0x02:0x45:0xd8:0x00:0x00:0x00:0xc7:0x48:0x80:0x00:0x00:0xc3:0x78:0xe0:0x00:0x00:0x00:0x14:0x80:0x00:0x00:0x05:0x06:0x60:0x00:0x00:0x04:0x82:0xe0:0x80:0x00:0x04:0x43:0x22:0x40:0x00:0x01:0xc1:0x80:0x40:0x00:0x01:0x49:0x06:0x40:0x00:0x00:0x4d:0xa4:0x00:0x00:0x00:0x80:0xa0:0x00:0x00:0x00:0x47:0x80:0x00:0x00:0x00:0x22:0x00:0x00:0x00:0x00:0x00:0x00:0x00:0x00:0x00:0x01:0x00:0x00:0x00:0x00:0x02:0x80:0x00:0x00:0x00:0x06:0x00:0x00:0x00:0x00:0x05:0x00:0x00:0x00:0x00:0x06:0x00:0x00:0x00:0x00:0x01:0x00:0x00:0x00:0x00:0x02:0x00:0x00]
"shillelagh",1,3,[0xc0:0x98:0x68]
"ship",1,3,[0xc0:0xa0:0x60]
"ship in a bottle",3,18,[0x0c:0x0c:0x00:0x12:0x12:0x00:0x14:0x0a:0x00:0x67:0x39:0x80:0x81:0x20:0x40:0xb0:0x03:0x40:0x50:0x02:0x80:0x18:0xc6:0x00:0x01:0x40:0x00:0x01:0x80:0x00:0x18:0x06:0x00:0x50:0x02:0x80:0xb0:0x03:0x40:0x81:0x20:0x40:0x67:0x39:0x80:0x14:0x0a:0x00:0x12:0x12:0x00:0x0c:0x0c:0x00]
"ship-tie",1,6,[0xc0:0xa0:0x60:0x18:0x14:0x0c]
"ship tie boat",1,6,[0xc0:0xa0:0x60:0x18:0x14:0x08]
"short keys",2,4,[0x40:0x20:0xb9:0xd0:0x49:0x20:0x09:0x00]
"side",1,3,[0xc0:0xb8:0x08]
"sidecar",1,10,[0x40:0x82:0x82:0xfa:0x00:0x0c:0x21:0x40:0x41:0x7e]
"sidewalk",1,5,[0x6c:0x28:0x48:0x50:0xd8]
"siesta",2,12,[0x00:0x18:0x18:0x28:0x14:0x20:0x04:0x68:0x16:0x0e:0x70:0x51:0x8a:0x0e:0x70:0x68:0x16:0x20:0x04:0x28:0x14:0x18:0x18:0x00]
"Silver's p5",2,7,[0xc0:0x00:0x80:0x00:0x48:0x00:0x18:0x00:0x11:0x60:0x21:0xa0:0x30:0x00]
"singular flip flop",1,7,[0x20:0x28:0x84:0xfc:0x00:0x30:0x30]
"six Ls",1,8,[0x10:0x72:0x8e:0xe0:0x0e:0xe2:0x9c:0x10]
"sixty-nine",3,21,[0x00:0x40:0x00:0x00:0xa0:0x00:0x00:0x00:0x00:0x02:0x30:0x00:0x04:0x10:0x00:0x02:0x80:0x00:0x00:0xc0:0x80:0x00:0x00:0x80:0x20:0xc3:0x80:0x20:0x03:0x00:0xe0:0x33:0x38:0xc0:0xb0:0xe0:0xce:0xa0:0xe0:0x38:0x00:0x00:0x38:0x10:0x00:0x00:0x28:0x00:0x00:0x00:0x00:0x00:0x8c:0x00:0x01:0x04:0x00:0x00:0xa0:0x00:0x00:0x30:0x00]
"skewed quad",1,7,[0x60:0x46:0x2a:0x00:0xa8:0xc4:0x0c]
"skewed traffic light",3,22,[0x00:0x06:0x00:0x00:0x09:0x00:0x00:0x05:0x00:0x00:0x62:0x00:0x00:0x2c:0x00:0x00:0x08:0x00:0x00:0x08:0x00:0x00:0x00:0x00:0xc0:0x38:0x10:0xf4:0x02:0x30:0xa7:0x42:0x00:0x00:0x42:0xe5:0x0c:0x40:0x2f:0x08:0x1c:0x03:0x00:0x00:0x00:0x00:0x10:0x00:0x00:0x10:0x00:0x00:0x34:0x00:0x00:0x46:0x00:0x00:0xa0:0x00:0x00:0x90:0x00:0x00:0x60:0x00]
"slide gun",3,20,[0x00:0x03:0x00:0x00:0x03:0x00:0x00:0xe0:0x00:0x00:0x20:0x00:0x00:0x41:0x80:0x00:0x02:0x80:0x00:0x00:0x80:0x00:0x00:0x00:0x00:0x00:0x00:0x00:0x00:0x00:0x00:0x00:0x00:0x00:0x00:0x00:0x00:0x00:0x00:0x00:0x00:0x00:0x00:0x00:0x00:0x00:0x00:0x00:0x00:0x00:0x00:0x40:0x00:0x00:0x60:0x00:0x00:0xa0:0x00:0x00]
"small lake",2,9,[0x08:0x00:0x14:0x00:0x14:0x00:0x63:0x00:0x80:0x80:0x63:0x00:0x14:0x00:0x14:0x00:0x08:0x00]
"smiley",1,7,[0xd6:0x10:0x82:0x7c:0x00:0x00:0xee]
"snacker",3,11,[0xc0:0x00:0x30:0x40:0x00:0x20:0x50:0x00:0xa0:0x30:0x00:0xc0:0x01:0x08:0x00:0x06:0xf6:0x00:0x01:0x08:0x00:0x30:0x00:0xc0:0x50:0x00:0xa0:0x40:0x00:0x20:0xc0:0x00:0x30]
"snail",5,21,[0x40:0x00:0x00:0x00:0x00:0x40:0x00:0x00:0x00:0x00:0x80:0x00:0x00:0x00:0x00:0x70:0x00:0x07:0x1c:0x00:0x68:0x02:0x28:0x1c:0x00:0x20:0x03:0x40:0x43:0xc0:0x02:0x04:0x51:0xa0:0xc0:0x12:0xe3:0x00:0x40:0x34:0x1a:0x08:0x20:0x00:0x08:0x00:0x5f:0xc0:0x00:0x00:0x00:0x00:0x00:0x00:0x00:0x00:0x5f:0xc0:0x00:0x00:0x1a:0x08:0x20:0x00:0x08:0x12:0xe3:0x00:0x40:0x34:0x02:0x04:0x51:0xa0:0xc0:0x20:0x03:0x40:0x43:0xc0:0x68:0x02:0x28:0x1c:0x00:0x70:0x00:0x07:0x1c:0x00:0x80:0x00:0x00:0x00:0x00:0x40:0x00:0x00:0x00:0x00:0x40:0x00:0x00:0x00:0x00]
"snake",1,2,[0xd0:0xb0]
"snake bridge snake",1,6,[0x0c:0x08:0x04:0x0c:0xd0:0xb0]
"snake dance",2,9,[0x1a:0x00:0x16:0x00:0xd0:0x00:0x4b:0x80:0x94:0x80:0xe9:0x00:0x05:0x80:0x34:0x00:0x2c:0x00]
"snake pit",1,7,[0xb6:0xd4:0x02:0xee:0x80:0x56:0xda]
"snake siamese snake",1,2,[0xda:0xb6]
"sombreros",3,11,[0x18:0x06:0x00:0x14:0x0a:0x00:0x04:0x08:0x00:0x16:0x1a:0x00:0x70:0x03:0x80:0x8a:0x14:0x40:0x70:0x03:0x80:0x16:0x1a:0x00:0x04:0x08:0x00:0x14:0x0a:0x00:0x18:0x06:0x00]
"spacefiller",4,27,[0x00:0x00:0x20:0x00:0x00:0x00:0x70:0x00:0x00:0x0e:0x18:0x00:0x00:0x13:0x96:0x00:0x00:0x22:0x94:0x00:0x00:0x21:0x55:0x80:0x00:0x08:0x51:0x80:0xf0:0x50:0x8b:0x80:0x8d:0x76:0x00:0xc0:0x83:0x04:0x00:0x00:0x4d:0x25:0x80:0x00:0x01:0x55:0x41:0xe0:0x4d:0x24:0xd6:0x20:0x83:0x15:0x18:0x20:0x8d:0x64:0x96:0x40:0xf0:0x55:0x50:0x00:0x00:0x34:0x96:0x40:0x00:0x04:0x18:0x20:0x60:0x0d:0xd6:0x20:0x3a:0x21:0x41:0xe0:0x31:0x42:0x00:0x00:0x35:0x50:0x80:0x00:0x05:0x28:0x80:0x00:0x0d:0x39:0x00:0x00:0x03:0x0e:0x00:0x00:0x01:0xc0:0x00:0x00:0x00:0x80:0x00:0x00]
"space rake",3,19,[0x00:0x18:0x3c:0x00:0x6c:0x44:0x00:0x78:0x04:0x00:0x30:0x48:0x00:0x00:0x00:0x00:0x80:0x00:0x01:0x80:0x60:0x02:0x00:0x90:0x01:0xf0:0x90:0x00:0xf1:0xb0:0x00:0x10:0xc0:0x00:0x00:0x00:0x00:0x00:0x00:0x00:0x00:0x00:0x00:0x00:0x3c:0x90:0x00:0x44:0x08:0x00:0x04:0x88:0x00:0x48:0x78:0x00:0x00]
"spaceship",1,1,[0x00]
"spark coil",1,5,[0xc3:0xa5:0x24:0xa5:0xc3]
"sparky",4,13,[0x00:0x20:0x00:0x00:0x00:0x20:0x00:0x30:0x03:0x5c:0x00:0xc4:0xb6:0xca:0x37:0x80:0x8c:0xb3:0x96:0x62:0xb0:0xeb:0x81:0x90:0x00:0xd0:0x00:0x12:0xb0:0xeb:0x81:0x90:0x8c:0xb3:0x96:0x62:0xb6:0xca:0x37:0x80:0x03:0x5c:0x00:0xc4:0x00:0x20:0x00:0x30:0x00:0x20:0x00:0x00]
"S-pentomino",1,2,[0x30:0xe0]
"spider",4,7,[0x02:0x38:0x38:0x80:0x1b:0xec:0x6f:0xb0:0x5a:0x0a:0xa0:0xb4:0x8a:0x3e:0xf8:0xa2:0x0e:0x0c:0x60:0xe0:0x4b:0x80:0x03:0xa4:0x10:0x00:0x00:0x10]
"spiral",1,7,[0xc2:0x4e:0x50:0x28:0x14:0xe4:0x86]
"squaredance",1,8,[0xc0:0x0c:0x21:0x21:0x0c:0xc0:0x12:0x12]
"stairstep hexomino",1,3,[0x30:0x60:0xc0]
"star",2,11,[0x04:0x00:0x0e:0x00:0x3b:0x80:0x20:0x80:0x60:0xc0:0xc0:0x60:0x60:0xc0:0x20:0x80:0x3b:0x80:0x0e:0x00:0x04:0x00]
"stillater",1,8,[0x10:0x2b:0x2d:0xc0:0x56:0x52:0x24:0x18]
"still life",3,10,[0x03:0x00:0x18:0x29:0x03:0x48:0x5a:0x02:0xd0:0x43:0x00:0x18:0xd8:0x02:0xc4:0x1b:0x0e:0xd8:0xc2:0x10:0x10:0x5a:0x0e:0xd0:0x94:0x02:0xa0:0xc0:0x00:0x00]
"still life tagalong",3,17,[0x30:0x00:0x00:0x6c:0x00:0x00:0x3c:0x00:0x00:0x18:0x00:0x00:0x00:0x00:0x00:0x1f:0x00:0x00:0x3f:0x80:0x00:0x6f:0x80:0x00:0x30:0x00:0x00:0x00:0x00:0x00:0x00:0xa0:0xc0:0x02:0x11:0x20:0x03:0x05:0x20:0x49:0xe8:0xc0:0x80:0xc0:0x00:0x88:0x00:0x00:0xf0:0x00:0x00]
"superfountain",3,18,[0x00:0x10:0x00:0x00:0x00:0x00:0x00:0x00:0x00:0x04:0x82:0x40:0x19:0x7d:0x30:0x04:0x00:0x40:0x16:0x00:0xd0:0x51:0xc7:0x14:0xe8:0x00:0x2e:0x00:0x28:0x00:0x0e:0x28:0xe0:0x09:0x11:0x20:0x1e:0x54:0xf0:0x19:0xd7:0x30:0x22:0x28:0x88:0x12:0xaa:0x90:0x0a:0xc6:0xa0:0x04:0x00:0x40]
"superstring",8,21,[0x60:0x00:0x00:0x00:0x00:0x00:0x00:0x00:0x91:0x11:0x11:0x11:0x11:0x11:0x11:0x10:0x0a:0xaa:0xaa:0xaa:0xaa:0xaa:0xaa:0xa8:0x91:0x11:0x11:0x11:0x11:0x11:0x11:0x10:0x70:0x00:0x00:0x00:0x00:0x00:0x00:0x00:0x30:0x00:0x00:0x00:0x00:0x00:0x00:0x00:0x30:0x00:0x00:0x00:0x00:0x00:0x00:0x00:0x10:0x00:0x00:0x00:0x00:0x00:0x00:0x00:0x10:0x00:0x00:0x00:0x00:0x00:0x00:0x00:0x10:0x00:0x00:0x00:0x00:0x00:0x00:0x00:0x10:0x00:0x00:0x00:0x00:0x00:0x00:0x00:0x10:0x00:0x00:0x00:0x00:0x00:0x00:0x00:0x10:0x00:0x00:0x00:0x00:0x00:0x00:0x00:0x10:0x00:0x00:0x00:0x00:0x00:0x00:0x00:0x30:0x00:0x00:0x00:0x00:0x00:0x00:0x00:0x30:0x00:0x00:0x00:0x00:0x00:0x00:0x00:0x70:0x00:0x00:0x00:0x00:0x00:0x00:0x00:0x91:0x11:0x11:0x11:0x11:0x11:0x11:0x10:0x0a:0xaa:0xaa:0xaa:0xaa:0xaa:0xaa:0xa8:0x91:0x11:0x11:0x11:0x11:0x11:0x11:0x10:0x60:0x00:0x00:0x00:0x00:0x00:0x00:0x00]
"surprise",2,9,[0x10:0xc0:0x1c:0x80:0x62:0x80:0x9a:0xc0:0x40:0x80:0xd6:0x40:0x51:0x80:0x4e:0x00:0xc2:0x00]
"swan",3,12,[0x40:0x0c:0x00:0xf8:0x18:0x00:0x98:0x04:0x06:0x34:0x18:0x1d:0x00:0x18:0xb0:0x05:0x03:0x00:0x00:0x3a:0x10:0x01:0xc4:0x20:0x00:0x80:0x80:0x00:0x81:0x00:0x00:0x00:0x00:0x00:0x10:0x00]
"switch engine",1,4,[0x50:0x80:0x48:0x1c]
"table",1,2,[0xf0:0x90]
"table on table",1,5,[0x90:0xf0:0x00:0xf0:0x90]
"teardrop",1,4,[0xe0:0x90:0x90:0x60]
"technician",2,12,[0x04:0x00:0x0a:0x00:0x0c:0x00:0x30:0x00:0x47:0x00:0x98:0xa0:0x61:0x60:0x15:0x00:0x11:0x00:0x0e:0x00:0x02:0x80:0x01:0x80]
"test tube baby",1,5,[0xc3:0xa5:0x24:0x24:0x18]
"tetromino",5,2,[0xc0:0xe0:0x78:0x1c:0x0c:0xc0:0x40:0x00:0x04:0x06]
"thumb",4,11,[0x01:0x00:0x02:0x00:0x18:0x80:0x31:0x00:0x10:0x58:0x20:0x80:0xd4:0x08:0x1d:0x60:0xd6:0xf0:0x00:0xd0:0x14:0x00:0x7e:0x10:0x15:0xc0:0x43:0xe0:0x0a:0x20:0x08:0x00:0x02:0x60:0x17:0x80:0x03:0x00:0x14:0x80:0x00:0x00:0x08:0x00]
"thunderbird",1,5,[0xe0:0x00:0x40:0x40:0x40]
"time bomb",2,6,[0x40:0x06:0xa1:0x02:0x01:0x08:0x24:0x48:0x30:0x20:0x10:0x00]
"titanic toroidal traveler",1,2,[0xfc:0xe0]
"T-nosed p4",2,12,[0x04:0x00:0x04:0x00:0x0e:0x00:0x00:0x00:0x00:0x00:0x00:0x00:0x1f:0x00:0x2e:0x80:0x2a:0x80:0x6a:0xc0:0x9b:0x20:0xc0:0x60]
"T-nosed p6",3,11,[0x03:0x18:0x00:0x02:0xa8:0x00:0x01:0x10:0x00:0x00:0x00:0x00:0x2a:0x0a:0x80:0xeb:0x1a:0xe0:0x2a:0x0a:0x80:0x00:0x00:0x00:0x01:0x10:0x00:0x02:0xa8:0x00:0x03:0x18:0x00]
"toad",1,2,[0x70:0xe0]
"toad-flipper",3,10,[0x40:0x00:0x80:0x40:0x00:0x80:0xa0:0x01:0x40:0x40:0x00:0x80:0x40:0x80:0x80:0x40:0xc0:0x80:0x40:0xc0:0x80:0xa0:0x41:0x40:0x40:0x00:0x80:0x40:0x00:0x80]
"toad-sucker",3,11,[0x40:0x00:0x00:0x40:0x00:0x80:0xa0:0x00:0x80:0x40:0x01:0x40:0x40:0x80:0x80:0x40:0xc0:0x80:0x40:0xc0:0x80:0xa0:0x40:0x80:0x40:0x01:0x40:0x40:0x00:0x80:0x00:0x00:0x80]
"toaster",2,12,[0x08:0x18:0x15:0x90:0x15:0x50:0x34:0x58:0x8d:0x62:0x10:0x10:0x10:0x10:0x8d:0x62:0x34:0x58:0x15:0x50:0x15:0x90:0x08:0x18]
"total aperiodic",8,57,[0x00:0x00:0x00:0x00:0x00:0x40:0x00:0x00:0x00:0x00:0x00:0x00:0x00:0xe0:0x00:0x00:0x00:0x00:0x00:0x00:0x01:0xa0:0x80:0x00:0x00:0x00:0x00:0x00:0x01:0xc1:0xc0:0x00:0x00:0x00:0x00:0x00:0x00:0xc2:0x63:0x80:0x00:0x00:0x00:0x00:0x00:0x03:0x84:0x80:0x00:0x00:0x00:0x00:0x00:0x00:0x00:0x80:0x00:0x00:0x00:0x00:0x00:0x00:0x00:0x80:0x00:0x00:0x00:0x00:0x00:0x00:0x00:0x80:0x00:0x00:0x00:0x00:0x00:0xe0:0x01:0x00:0x00:0x00:0x00:0x00:0x00:0x90:0x00:0x00:0x00:0x00:0x00:0x00:0x00:0x80:0x00:0x00:0x00:0x00:0x00:0x00:0x00:0x80:0x00:0x00:0x00:0x00:0x00:0x00:0x00:0x40:0x00:0x00:0x00:0x00:0x00:0x00:0x00:0x00:0x00:0x00:0x00:0x00:0x00:0x00:0x00:0x00:0x00:0x00:0x00:0x00:0x00:0x00:0x00:0x00:0x00:0x00:0x00:0x00:0x00:0x00:0x00:0x00:0x00:0x00:0x00:0x00:0x00:0x00:0x00:0x00:0x00:0x00:0x00:0x00:0x00:0x00:0x00:0x00:0x00:0x00:0x00:0x00:0x00:0x00:0x03:0x80:0x00:0x00:0x00:0x00:0x00:0x00:0x02:0x40:0x04:0x00:0x00:0x00:0x00:0x00:0x02:0x00:0x0e:0x00:0x00:0x00:0x00:0x00:0x02:0x00:0x1a:0x00:0x00:0x00:0x00:0x00:0x02:0x00:0x1c:0x00:0x00:0x00:0x00:0x00:0x01:0x00:0x0c:0x00:0x00:0x00:0x00:0x00:0x00:0x00:0x00:0x00:0x00:0x00:0x00:0x00:0x00:0x00:0x00:0x00:0x00:0x00:0x00:0x00:0x1c:0x00:0x00:0x00:0x00:0x00:0x00:0x00:0x3e:0x00:0x00:0x00:0x00:0x00:0x00:0x00:0x3b:0x01:0x80:0x40:0x00:0x00:0x00:0x00:0x06:0x03:0xc0:0x20:0x00:0x00:0x00:0x00:0x00:0x03:0x62:0x20:0x00:0x00:0x00:0x00:0x00:0x00:0xc1:0xe0:0x00:0x00:0x00:0x00:0x00:0x00:0x00:0x00:0x00:0x00:0x00:0x00:0x00:0x00:0x00:0x00:0x00:0x00:0x08:0x00:0x00:0x00:0x00:0x00:0x00:0x00:0x04:0x00:0x00:0x00:0x00:0x00:0x60:0x00:0x84:0x00:0x00:0x00:0x03:0x80:0xf0:0x00:0x7c:0x00:0x00:0x00:0x00:0x80:0xd8:0x00:0x00:0x00:0x00:0x00:0x00:0x80:0x30:0x00:0x00:0x00:0x00:0x00:0x01:0x00:0x00:0x00:0x00:0x00:0x08:0x00:0x00:0x00:0x00:0x00:0x00:0x00:0x04:0x00:0x00:0x00:0x00:0x00:0x06:0x00:0x44:0x00:0x00:0x00:0x00:0x00:0x03:0x00:0x3c:0x00:0x06:0x00:0x00:0x00:0x06:0x00:0x00:0x00:0x3b:0x00:0x00:0x00:0x04:0x00:0x00:0x00:0x3e:0x00:0x00:0x00:0x00:0x00:0x00:0x00:0x1c:0x00:0x00:0x00:0x00:0x00:0x00:0x00:0x00:0x00:0x00:0x00:0x03:0x00:0x00:0x00:0x00:0x00:0x00:0x07:0x87:0x80:0x00:0x00:0x00:0x00:0x00:0x08:0x86:0xc0:0x00:0x00:0x00:0x00:0x7c:0x00:0x81:0x80:0x00:0x00:0x00:0x00:0x84:0x01:0x00:0x00:0x00:0x00:0x00:0x00:0x04:0x00:0x00:0x00:0x00:0x00:0x00:0x00:0x08:0x00:0x00:0x00:0x00:0x00:0x00:0x00]
"T-pentomino",1,3,[0xe0:0x40:0x40]
"tractor beam",6,8,[0x00:0x00:0x04:0x80:0x00:0x00:0x07:0x80:0x08:0x00:0x1e:0x00:0x04:0x40:0x08:0x80:0x11:0x00:0x04:0x03:0x0f:0x00:0x10:0x0c:0x62:0x47:0x80:0x0c:0x09:0x1e:0x90:0x0d:0x80:0x1b:0x00:0x36:0xa0:0x06:0x00:0x0f:0x00:0x18:0x40:0x00:0x00:0x06:0x00:0x00]
"traffic circle",6,48,[0x00:0x00:0x06:0x18:0x00:0x00:0x00:0x00:0x05:0x28:0x00:0x00:0x00:0x00:0x01:0x20:0x00:0x00:0x00:0x00:0x03:0x30:0x00:0x00:0x00:0x00:0x07:0x38:0x00:0x00:0x00:0x00:0x01:0x20:0x00:0x00:0x00:0x00:0x00:0x01:0x00:0x00:0x00:0x00:0x00:0x02:0xc0:0x00:0x00:0x00:0x00:0x00:0x20:0x00:0x00:0x00:0x00:0x22:0x50:0x00:0x00:0x00:0x00:0x20:0x90:0x00:0x00:0x00:0x00:0x20:0x60:0x00:0x00:0x60:0x00:0x00:0x00:0x00:0x00:0x90:0x03:0x8e:0x00:0x00:0x01:0x50:0x00:0x00:0x00:0x00:0x03:0xa0:0x00:0x20:0x00:0x00:0x03:0x80:0x00:0x20:0x00:0x00:0x00:0x00:0x00:0x20:0x00:0x00:0x00:0x0e:0x00:0x00:0x00:0x00:0xc8:0x00:0x07:0x00:0x00:0x00:0x98:0x20:0x80:0x00:0x00:0x00:0x7c:0x20:0x90:0x40:0x00:0x13:0x00:0x20:0x90:0x40:0x00:0x19:0x00:0x00:0x10:0x40:0x70:0x3e:0x7c:0x0e:0x00:0x00:0x00:0x00:0x98:0x00:0x07:0x01:0x04:0x00:0xc8:0x00:0x00:0x01:0x04:0x3e:0x00:0x00:0x00:0x01:0x04:0x19:0x00:0x00:0x00:0x00:0x00:0x13:0x00:0x00:0x00:0x00:0x70:0x00:0x00:0x00:0x00:0x00:0x01:0x80:0x00:0x00:0x00:0x00:0x03:0x80:0x00:0x00:0x00:0x00:0x05:0x80:0x00:0x00:0x00:0x00:0x0a:0x00:0x00:0x00:0x0e:0x00:0x09:0x00:0x00:0x00:0x00:0x00:0x06:0x00:0x00:0x06:0x12:0x00:0x00:0x00:0x00:0x09:0x00:0x00:0x00:0x00:0x00:0x0a:0x80:0x00:0x00:0x00:0x00:0x04:0x80:0x00:0x00:0x00:0x00:0x00:0x40:0x00:0x00:0x00:0x00:0x02:0x80:0x00:0x00:0x00:0x00:0x00:0x04:0x80:0x00:0x00:0x00:0x00:0x1c:0xe0:0x00:0x00:0x00:0x00:0x0c:0xc0:0x00:0x00:0x00:0x00:0x04:0x80:0x00:0x00:0x00:0x00:0x14:0xa0:0x00:0x00:0x00:0x00:0x18:0x60:0x00:0x00]
"traffic jam",2,8,[0x38:0x00:0x00:0x1c:0x82:0x00:0x82:0x41:0x82:0x41:0x00:0x41:0x38:0x00:0x00:0x1c]
"traffic light",1,7,[0x38:0x00:0x82:0x82:0x82:0x00:0x38]
"trans-beacon on table",1,7,[0x0c:0x04:0x20:0x30:0x00:0xf0:0x90]
"trans-boat with tail",1,5,[0xc0:0xa0:0x50:0x10:0x18]
"trans-loaf with tail",1,6,[0x40:0xa0:0x90:0x68:0x08:0x0c]
"transparent block reaction",2,4,[0x80:0x00:0xc0:0x0c:0x60:0x0c:0xc0:0x00]
"trice tongs",1,7,[0x20:0x38:0xc4:0x54:0x40:0x32:0x06]
"triple caterer",2,11,[0x06:0x00:0x09:0x30:0x0d:0x10:0x02:0xe1:0x3a:0x87:0x49:0x08:0xa4:0x4c:0x40:0x00:0x36:0xd8:0x11:0x10:0x11:0x10]
"triplet",5,3,[0x80:0x00:0x10:0x10:0x10:0xc0:0xe0:0x60:0x28:0x08:0x00:0x00:0x00:0x00:0x04]
"tripole",1,6,[0xc0:0xa0:0x00:0x28:0x04:0x0c]
"tritoad",3,14,[0x00:0x60:0x00:0x00:0x40:0x00:0x00:0x26:0x00:0x01:0xd2:0x00:0x02:0x1a:0xc0:0x02:0xca:0xc0:0x1a:0x32:0x00:0x13:0x16:0x00:0xd4:0xd0:0x00:0xd6:0x10:0x00:0x12:0xe0:0x00:0x19:0x00:0x00:0x00:0x80:0x00:0x01:0x80:0x00]
"true",6,21,[0x00:0x00:0x30:0x00:0x00:0x00:0x00:0x00:0x10:0x10:0x00:0x00:0x00:0x00:0x14:0x00:0x0c:0x00:0x00:0x00:0x0c:0x00:0x32:0x00:0x00:0x00:0x00:0xe0:0x36:0x00:0x00:0x00:0x00:0xd8:0x0e:0x00:0x00:0x00:0x00:0x98:0x00:0x60:0x00:0x00:0x00:0x60:0x00:0x50:0x00:0x00:0x00:0x00:0x10:0x10:0x00:0x00:0x00:0x00:0x00:0x18:0x00:0x00:0x00:0x00:0x00:0x00:0xc0:0x00:0x00:0x40:0x00:0x00:0x40:0x00:0x01:0x40:0x00:0x00:0x50:0x00:0x70:0xc0:0x00:0x00:0x31:0x00:0x88:0x00:0x00:0x00:0x02:0xc0:0x84:0x00:0x00:0x00:0x04:0x20:0x68:0x02:0x00:0x00:0x02:0x20:0x11:0x81:0x00:0x00:0x01:0xc0:0x01:0x47:0x00:0x00:0x00:0x00:0x00:0x40:0x00:0x00:0x00:0x00:0x00:0x60:0x00:0x00]
"T-tetromino",1,2,[0xe0:0x40]
"tub",1,3,[0x40:0xa0:0x40]
"tubber",2,13,[0x0a:0x00:0x0d:0x00:0x01:0xc0:0x0c:0x20:0xd3:0x20:0x50:0xb0:0x88:0x88:0x68:0x50:0x26:0x58:0x21:0x80:0x1c:0x00:0x05:0x80:0x02:0x80]
"tubeater",5,36,[0x01:0x80:0x00:0x00:0x00:0x01:0x40:0x00:0x00:0x00:0x01:0x00:0x00:0x00:0x00:0x00:0x20:0x00:0x00:0x00:0x00:0x30:0x00:0x00:0x00:0x00:0x30:0x00:0x00:0x00:0x00:0x60:0x00:0x00:0x00:0xc0:0xc4:0x00:0x00:0x00:0xa3:0x2a:0x00:0x00:0x00:0x83:0x85:0x00:0x00:0x00:0x10:0x02:0x80:0x00:0x00:0x18:0x01:0x40:0x00:0x00:0x00:0x00:0xa0:0x00:0x00:0x00:0x00:0x51:0x00:0x00:0x00:0x00:0x32:0x80:0x00:0x00:0x00:0x06:0x80:0x00:0x00:0x00:0x06:0x00:0x00:0x00:0x00:0x06:0x00:0x00:0x00:0x00:0x00:0x01:0x80:0x00:0x00:0x01:0x0d:0x00:0x00:0x00:0x01:0xcc:0x00:0x00:0x00:0x01:0xcc:0x00:0x00:0x00:0x00:0xc0:0x00:0x00:0x00:0x00:0x00:0x00:0x00:0x00:0x00:0x20:0x00:0x00:0x00:0x00:0x60:0x00:0x00:0x00:0x00:0x40:0x00:0x00:0x00:0x00:0x20:0x00:0x00:0x00:0x00:0x00:0x00:0x00:0x00:0x00:0x18:0x00:0x00:0x00:0x00:0x0b:0x00:0x00:0x00:0x00:0x00:0x80:0x00:0x00:0x00:0x06:0x00:0x00:0x00:0x00:0x06:0x00:0x00:0x00:0x00:0x01:0x00:0x00:0x00:0x00:0x00:0xc0]
"tubstretcher",2,12,[0x01:0xc0:0x01:0x00:0x00:0x80:0x00:0x30:0x00:0x10:0x00:0x00:0x00:0xc4:0xe0:0xca:0x81:0x44:0x43:0x00:0x1e:0x80:0x0c:0x00]
"tub with tail",1,5,[0x40:0xa0:0x50:0x10:0x18]
"tumbler",2,5,[0x41:0x00:0xa2:0x80:0x94:0x80:0x22:0x00:0x36:0x00]
"tumbling T-tetson",3,10,[0x70:0x00:0x00:0x80:0x00:0x18:0x88:0x00:0x58:0x94:0x00:0x80:0x29:0x00:0x10:0x11:0x01:0xa0:0x01:0x01:0x80:0x0e:0x10:0x00:0x00:0x60:0x00:0x00:0x10:0x00]
"turning toads",8,8,[0x00:0x03:0x06:0x0c:0x18:0x30:0x00:0x00:0x01:0x04:0x08:0x10:0x20:0x40:0x00:0x00:0x03:0x10:0xa1:0x42:0x85:0x0a:0xb0:0x00:0x35:0xd3:0x26:0x4c:0x99:0x32:0x4b:0x00:0x96:0x00:0x00:0x00:0x00:0x00:0xfa:0x40:0xd0:0x00:0x00:0x00:0x00:0x00:0x32:0xc0:0x10:0x00:0x00:0x00:0x00:0x00:0x02:0x00:0x18:0x00:0x00:0x00:0x00:0x00:0x06:0x00]
"turtle",2,10,[0x70:0x10:0x65:0xb0:0x1c:0x20:0x4a:0x20:0x84:0x20:0x84:0x20:0x4a:0x20:0x1c:0x20:0x65:0xb0:0x70:0x10]
"twin bees shuttle",4,17,[0x60:0x00:0x00:0x00:0x60:0x00:0x00:0x00:0x00:0x00:0x00:0x00:0x00:0x01:0x00:0x00:0xc0:0x01:0x80:0x60:0xc0:0x00:0xc0:0x60:0x00:0x19:0x80:0x00:0x00:0x00:0x00:0x00:0x00:0x00:0x00:0x00:0x00:0x00:0x00:0x00:0x00:0x19:0x80:0x00:0xc0:0x00:0xc0:0x00:0xc0:0x01:0x80:0x00:0x00:0x01:0x00:0x00:0x00:0x00:0x00:0x00:0x60:0x00:0x00:0x00:0x60:0x00:0x00:0x00]
"twinhat",2,5,[0x22:0x00:0x55:0x00:0x55:0x00:0xd5:0x80:0x08:0x00]
"twirling T-tetsons II",3,24,[0x01:0x8c:0x00:0x02:0x02:0x00:0x00:0x50:0x00:0x01:0x8c:0x00:0x00:0x00:0x00:0x00:0x00:0x00:0x00:0x00:0x00:0x00:0x00:0x07:0x00:0x00:0x0e:0x00:0x04:0x00:0xe0:0x0e:0x00:0x70:0x00:0x00:0x00:0x00:0x0e:0x00:0x00:0x07:0x00:0x00:0x00:0x70:0x00:0x00:0xe0:0x0e:0x00:0x00:0x04:0x00:0x00:0x00:0x00:0x00:0x00:0x00:0x00:0x31:0x80:0x00:0x0a:0x00:0x00:0x40:0x40:0x00:0x31:0x80]
"two eaters",2,8,[0xc0:0x00:0x40:0x00:0x50:0x00:0x30:0x00:0x06:0x00:0x05:0x00:0x01:0x00:0x01:0x80]
"two pulsar quadrants",2,9,[0x08:0x00:0x08:0x00:0x18:0x00:0x20:0x00:0x93:0x80:0x8a:0x00:0x84:0x00:0x00:0x00:0x38:0x00]
"unix",1,8,[0x60:0x60:0x00:0x40:0xa0:0x93:0x0b:0x30]
"U-pentomino",1,2,[0xa0:0xe0]
"very long house",1,3,[0x7c:0x92:0xc6]
"V-pentomino",1,3,[0x80:0x80:0xe0]
"washerwoman",7,5,[0x80:0x00:0x00:0x00:0x00:0x00:0x00:0xc2:0x08:0x20:0x82:0x08:0x20:0x82:0xe5:0x14:0x51:0x45:0x14:0x51:0x45:0xc2:0x08:0x20:0x82:0x08:0x20:0x82:0x80:0x00:0x00:0x00:0x00:0x00:0x00]
"washing machine",1,7,[0x6c:0xb2:0xc2:0x44:0x86:0x9a:0x6c]
"wasp",3,10,[0x00:0x36:0x00:0x00:0xd6:0xc0:0x07:0x4e:0x78:0x70:0xe0:0x84:0xab:0xa0:0x18:0xab:0xc0:0x00:0x50:0x90:0x00:0x00:0x20:0x00:0x20:0x00:0x00:0x20:0x00:0x00]
"wavefront",2,13,[0x00:0xc0:0x00:0x80:0x00:0x40:0x00:0xc0:0x06:0x30:0x09:0xc8:0x08:0x30:0x04:0x40:0xd4:0x40:0xb5:0x80:0x0a:0x00:0x0a:0x00:0x04:0x00]
"weekender",2,11,[0x40:0x02:0x40:0x02:0xa0:0x05:0x40:0x02:0x40:0x02:0x23:0xc4:0x03:0xc0:0x3c:0x3c:0x00:0x00:0x08:0x10:0x06:0x60]
"why not",1,7,[0x10:0x14:0x40:0xbe:0x40:0x14:0x10]
"wickstretcher",7,16,[0x00:0x00:0x60:0x00:0x00:0x00:0x00:0x00:0x06:0x10:0x00:0x00:0x00:0x00:0x00:0x0e:0x80:0x00:0x00:0x00:0x00:0xb3:0x11:0xea:0x18:0x0c:0x00:0x00:0x86:0x40:0x2e:0x10:0xd2:0xd0:0x00:0xb0:0xd8:0x40:0x04:0x56:0xb0:0x00:0x02:0x02:0x00:0x0c:0x12:0x8c:0x00:0x04:0x01:0x43:0x88:0x4a:0xe2:0x00:0x04:0x01:0x43:0xb4:0xd4:0x4d:0x00:0x02:0x02:0x00:0x0d:0x18:0x61:0x00:0xb0:0xd8:0x40:0x08:0x06:0xad:0x80:0x86:0x40:0x2e:0x01:0x11:0xa5:0x00:0xb3:0x11:0xea:0x02:0x8c:0x25:0x00:0x00:0x0e:0x80:0x01:0x05:0xc2:0x00:0x00:0x06:0x10:0x00:0x05:0x00:0x00:0x00:0x00:0x60:0x00:0x02:0x00:0x00]
"windmill",3,18,[0x00:0x10:0x00:0x00:0x68:0x00:0x01:0x80:0x00:0x00:0x30:0x00:0x01:0xc0:0x00:0x00:0x00:0x00:0xe0:0x00:0x00:0x19:0xd8:0x00:0x00:0x3f:0x80:0x7f:0x00:0x00:0x06:0xe6:0x00:0x00:0x01:0xc0:0x00:0x00:0x00:0x00:0xe0:0x00:0x03:0x00:0x00:0x00:0x60:0x00:0x05:0x80:0x00:0x02:0x00:0x00]
"wing",1,4,[0x60:0x90:0x50:0x30]
"worker bee",2,11,[0xc0:0x03:0x40:0x02:0x50:0x0a:0x30:0x0c:0x00:0x00:0x07:0xe0:0x00:0x00:0x30:0x0c:0x50:0x0a:0x40:0x02:0xc0:0x03]
"W-pentomino",1,3,[0x80:0xc0:0x60]
"x66",2,11,[0x20:0x00:0xc0:0x00:0x9c:0x80:0x87:0x00:0x73:0x00:0x00:0x00:0x73:0x00:0x87:0x00:0x9c:0x80:0xc0:0x00:0x20:0x00]
"X-pentomino",1,3,[0x40:0xe0:0x40]
"Y-pentomino",1,2,[0x20:0xf0]
"Z-hexomino",1,4,[0xc0:0x40:0x40:0x60]
"Z-pentomino",1,3,[0xc0:0x40:0x60]
